magnitud	valor
interacciones gamma: Compton (agua) (%)	85.67
interacciones gamma: Fotoeléctrico (agua) (%)	6.82
interacciones gamma: Rayleigh (agua) (%)	3.40
interacciones gamma: Fotoeléctrico (acero) (%)	1.55
interacciones gamma: Compton (acero) (%)	1.04
interacciones gamma: Pares (agua) (%)	0.58
interacciones gamma: Compton (aire) (%)	0.45
interacciones gamma: Compton (Pyrex) (%)	0.18
interacciones gamma: Rayleigh (acero) (%)	0.13
interacciones gamma: Pares (acero) (%)	0.06
interacciones gamma: Compton (Tyvek) (%)	0.04
interacciones gamma: Fotoeléctrico (Pyrex) (%)	0.03
interacciones gamma: Fotoeléctrico (aire) (%)	0.02
interacciones gamma: Rayleigh (Pyrex) (%)	0.01
interacciones gamma: Rayleigh (aire) (%)	0.01
interacciones gamma: Pares (aire) (%)	0.01
interacciones gamma: Fotoeléctrico (Tyvek) (%)	0.00
interacciones gamma: Pares (Pyrex) (%)	0.00
interacciones gamma: Pares (Tyvek) (%)	0.00
interacciones gamma: Rayleigh (Tyvek) (%)	0.00
luz Cherenkov de: e- Compton (agua) (%)	85.07
luz Cherenkov de: e- pares (agua) (%)	6.06
luz Cherenkov de: e+ pares (agua) (%)	5.95
luz Cherenkov de: e- rayo delta (agua) (%)	1.65
luz Cherenkov de: e- RadioactiveDecayBase (agua) (%)	0.65
luz Cherenkov de: e- Compton (acero) (%)	0.30
luz Cherenkov de: e+ pares (acero) (%)	0.10
luz Cherenkov de: e- pares (acero) (%)	0.09
electrones Compton en agua sobre el umbral, QGSP_BERT_HP (%)	18.73
electrones Compton en agua sobre el umbral, QGSP_BERT_HP_NoThermal (%)	18.52
fotoelectrones por foton Cherenkov creado	0.01308
fotones por evento, captura_agua (media)	292.4
carga media de eventos con senal, captura_agua (pe)	7.10
fotones por evento, captura_estructura (media)	271.0
carga media de eventos con senal, captura_estructura (pe)	8.93
