energia_eV	etiqueta	fisica	capturas_agua	profundidad_mediana_cm	profundidad_p90_cm	tiempo_mediano_us	tiempo_p25_us	tiempo_p75_us	vida_media_us	vida_media_err_us	energia_mediana_meV	energia_p25_meV	energia_p75_meV	capturas_sobre_0.5eV_pct
0.001	1meV	QGSP_BERT_HP	1752	0.78	4.11	27.48	9.96	70.34	109.96	6.37	19.01	4.52	42.82	0.00
0.001	1meV	QGSP_BERT_HP_NoThermal	2085	1.40	6.30	31.10	11.13	77.41	89.11	4.55	24.33	10.02	45.12	0.00
0.0025	2.5meV	QGSP_BERT_HP	1931	0.91	4.32	27.85	9.90	80.21	122.41	6.26	20.28	6.22	43.15	0.00
0.0025	2.5meV	QGSP_BERT_HP_NoThermal	2479	1.56	6.03	33.54	12.57	80.44	105.34	4.86	24.99	9.88	46.04	0.00
0.005	5meV	QGSP_BERT_HP	2043	1.02	4.42	30.48	9.99	77.81	112.63	5.76	22.27	8.47	45.58	0.00
0.005	5meV	QGSP_BERT_HP_NoThermal	2865	1.65	6.40	33.80	12.11	82.40	91.96	3.84	25.55	11.19	47.24	0.00
0.007	7meV	QGSP_BERT_HP	2057	1.03	4.50	28.64	9.45	76.55	112.20	5.67	23.58	9.79	45.20	0.00
0.007	7meV	QGSP_BERT_HP_NoThermal	3064	1.69	6.52	34.22	13.09	82.30	88.67	3.59	25.56	11.94	45.80	0.00
0.01	10meV	QGSP_BERT_HP	2095	1.19	4.62	35.55	10.83	79.95	100.61	4.99	24.61	11.47	47.43	0.00
0.01	10meV	QGSP_BERT_HP_NoThermal	3112	1.75	6.47	34.34	12.48	83.06	91.32	3.64	26.24	11.41	46.60	0.00
0.025	25meV	QGSP_BERT_HP	2530	1.38	4.80	35.22	12.15	86.79	100.71	4.31	28.84	17.10	48.28	0.00
0.025	25meV	QGSP_BERT_HP_NoThermal	3536	1.98	6.65	37.35	13.69	85.71	89.35	3.25	26.61	15.23	48.18	0.00
0.05	50meV	QGSP_BERT_HP	3057	1.58	4.78	39.51	13.76	92.33	100.66	3.86	34.36	18.30	53.44	0.00
0.05	50meV	QGSP_BERT_HP_NoThermal	3853	2.27	6.99	38.17	13.98	89.15	88.44	3.06	31.13	15.47	51.37	0.00
0.08	80meV	QGSP_BERT_HP	3234	1.69	5.14	40.12	13.51	97.14	90.68	3.24	35.16	17.70	59.76	0.00
0.08	80meV	QGSP_BERT_HP_NoThermal	3954	2.34	7.17	39.53	14.16	90.56	87.23	2.97	31.63	15.56	56.37	0.00
0.1	100meV	QGSP_BERT_HP	3261	1.76	5.21	39.91	13.77	94.49	97.22	3.52	34.03	18.89	58.53	0.00
0.1	100meV	QGSP_BERT_HP_NoThermal	4018	2.41	7.04	39.97	15.01	86.18	91.82	3.13	31.74	15.63	55.21	0.00
0.3	300meV	QGSP_BERT_HP	3960	2.13	5.69	47.30	17.09	104.76	92.23	2.83	34.27	18.07	62.01	0.00
0.3	300meV	QGSP_BERT_HP_NoThermal	4205	2.68	7.20	41.98	16.52	90.32	95.39	3.12	32.53	15.83	59.32	0.00
0.5	500meV	QGSP_BERT_HP	4232	2.33	5.77	48.05	17.61	100.88	96.56	2.95	34.60	18.22	60.50	0.21
0.5	500meV	QGSP_BERT_HP_NoThermal	4268	2.68	7.39	41.41	16.14	91.28	94.02	3.03	31.68	16.60	59.24	0.09
0.7	700meV	QGSP_BERT_HP	4435	2.32	6.10	49.18	18.53	107.44	96.14	2.79	35.01	18.90	61.16	1.74
0.7	700meV	QGSP_BERT_HP_NoThermal	4263	2.77	7.58	41.97	16.10	93.84	88.30	2.82	32.42	15.93	57.59	1.60
1	1eV	QGSP_BERT_HP	4497	2.41	5.96	48.07	17.98	103.26	91.04	2.66	35.19	18.49	63.08	1.91
1	1eV	QGSP_BERT_HP_NoThermal	4376	2.86	7.56	42.08	16.62	91.99	91.98	2.95	32.61	16.52	59.94	1.90
10	10eV	QGSP_BERT_HP	4909	2.90	6.71	52.24	20.74	111.65	93.90	2.50	35.02	17.68	61.19	1.81
10	10eV	QGSP_BERT_HP_NoThermal	4259	3.18	8.15	46.19	16.62	100.96	88.55	2.70	31.76	15.95	58.66	2.30
100	100eV	QGSP_BERT_HP	4863	3.26	7.30	56.48	21.69	118.01	94.50	2.46	34.17	17.92	60.30	2.34
100	100eV	QGSP_BERT_HP_NoThermal	4232	3.60	8.60	47.84	18.62	100.02	86.13	2.65	31.65	15.55	56.78	2.69
1000	1000eV	QGSP_BERT_HP	4807	3.59	7.80	55.47	21.05	118.75	94.17	2.46	35.40	18.61	62.72	2.62
1000	1000eV	QGSP_BERT_HP_NoThermal	4042	3.90	9.18	50.71	19.39	107.03	88.45	2.68	31.97	15.42	59.57	2.40
