1meV	Agua+10NaCl	100000	28107	27737
1meV	Agua+5NaCl	100000	23437	23142
1meV	Agua+2.5NaCl	100000	20642	20341
1meV	Agua-pura	100000	17418	17138
2.5meV	Agua+10NaCl	100000	32287	31999
2.5meV	Agua+5NaCl	100000	26576	26353
2.5meV	Agua+2.5NaCl	100000	23370	23150
2.5meV	Agua-pura	100000	19899	19703
5meV	Agua+10NaCl	100000	35625	35421
5meV	Agua+5NaCl	100000	29715	29548
5meV	Agua+2.5NaCl	100000	26464	26315
5meV	Agua-pura	100000	22229	22059
7meV	Agua+10NaCl	100000	37415	37199
7meV	Agua+5NaCl	100000	31355	31166
7meV	Agua+2.5NaCl	100000	27873	27675
7meV	Agua-pura	100000	23532	23388
10meV	Agua+10NaCl	100000	39456	39278
10meV	Agua+5NaCl	100000	32991	32831
10meV	Agua+2.5NaCl	100000	29452	29289
10meV	Agua-pura	100000	25021	24883
25meV	Agua+10NaCl	100000	44090	43957
25meV	Agua+5NaCl	100000	37718	37598
25meV	Agua+2.5NaCl	100000	33565	33436
25meV	Agua-pura	100000	28790	28681
50meV	Agua+10NaCl	100000	47243	47126
50meV	Agua+5NaCl	100000	40769	40664
50meV	Agua+2.5NaCl	100000	36098	35999
50meV	Agua-pura	100000	31320	31211
80meV	Agua+10NaCl	100000	48867	48767
80meV	Agua+5NaCl	100000	41834	41728
80meV	Agua+2.5NaCl	100000	37655	37588
80meV	Agua-pura	100000	32654	32551
100meV	Agua+10NaCl	100000	49580	49505
100meV	Agua+5NaCl	100000	42412	42309
100meV	Agua+2.5NaCl	100000	38582	38497
100meV	Agua-pura	100000	33180	33089
300meV	Agua+10NaCl	100000	51143	51060
300meV	Agua+5NaCl	100000	44198	44126
300meV	Agua+2.5NaCl	100000	40440	40357
300meV	Agua-pura	100000	34790	34713
500meV	Agua+10NaCl	100000	51490	51419
500meV	Agua+5NaCl	100000	44911	44824
500meV	Agua+2.5NaCl	100000	40636	40559
500meV	Agua-pura	100000	35397	35313
700meV	Agua+10NaCl	100000	51355	51274
700meV	Agua+5NaCl	100000	44765	44677
700meV	Agua+2.5NaCl	100000	40778	40709
700meV	Agua-pura	100000	35463	35385
1000meV	Agua+10NaCl	100000	51378	51303
1000meV	Agua+5NaCl	100000	45105	45033
1000meV	Agua+2.5NaCl	100000	40822	40725
1000meV	Agua-pura	100000	35881	35805
10000meV	Agua+10NaCl	100000	50513	50459
10000meV	Agua+5NaCl	100000	44242	44183
10000meV	Agua+2.5NaCl	100000	40741	40699
10000meV	Agua-pura	100000	35522	35436
100000meV	Agua+10NaCl	100000	48739	48697
100000meV	Agua+5NaCl	100000	43239	43195
100000meV	Agua+2.5NaCl	100000	39551	39510
100000meV	Agua-pura	100000	34784	34730
1000000meV	Agua+10NaCl	100000	45413	45379
1000000meV	Agua+5NaCl	100000	40934	40900
1000000meV	Agua+2.5NaCl	100000	37570	37537
1000000meV	Agua-pura	100000	33772	33723
