carpeta	medio	N	capt	capt_tanque	E_meV	razon	err_razon
1meV	Agua+10NaCl	100000	28107	27737	1.0000	1.6137	0.0138
1meV	Agua+5NaCl	100000	23437	23142	1.0000	1.3456	0.0120
1meV	Agua+2.5NaCl	100000	20642	20341	1.0000	1.1851	0.0110
1meV	Agua-pura	100000	17418	17138	1.0000		
2.5meV	Agua+10NaCl	100000	32287	31999	2.5000	1.6225	0.0127
2.5meV	Agua+5NaCl	100000	26576	26353	2.5000	1.3355	0.0110
2.5meV	Agua+2.5NaCl	100000	23370	23150	2.5000	1.1744	0.0100
2.5meV	Agua-pura	100000	19899	19703	2.5000		
5meV	Agua+10NaCl	100000	35625	35421	5.0000	1.6026	0.0117
5meV	Agua+5NaCl	100000	29715	29548	5.0000	1.3368	0.0102
5meV	Agua+2.5NaCl	100000	26464	26315	5.0000	1.1905	0.0094
5meV	Agua-pura	100000	22229	22059	5.0000		
7meV	Agua+10NaCl	100000	37415	37199	7.0000	1.5900	0.0112
7meV	Agua+5NaCl	100000	31355	31166	7.0000	1.3324	0.0098
7meV	Agua+2.5NaCl	100000	27873	27675	7.0000	1.1845	0.0090
7meV	Agua-pura	100000	23532	23388	7.0000		
10meV	Agua+10NaCl	100000	39456	39278	10.0000	1.5769	0.0106
10meV	Agua+5NaCl	100000	32991	32831	10.0000	1.3185	0.0093
10meV	Agua+2.5NaCl	100000	29452	29289	10.0000	1.1771	0.0086
10meV	Agua-pura	100000	25021	24883	10.0000		
25meV	Agua+10NaCl	100000	44090	43957	25.0000	1.5314	0.0094
25meV	Agua+5NaCl	100000	37718	37598	25.0000	1.3101	0.0084
25meV	Agua+2.5NaCl	100000	33565	33436	25.0000	1.1659	0.0078
25meV	Agua-pura	100000	28790	28681	25.0000		
50meV	Agua+10NaCl	100000	47243	47126	50.0000	1.5084	0.0087
50meV	Agua+5NaCl	100000	40769	40664	50.0000	1.3017	0.0079
50meV	Agua+2.5NaCl	100000	36098	35999	50.0000	1.1526	0.0073
50meV	Agua-pura	100000	31320	31211	50.0000		
80meV	Agua+10NaCl	100000	48867	48767	80.0000	1.4965	0.0083
80meV	Agua+5NaCl	100000	41834	41728	80.0000	1.2811	0.0075
80meV	Agua+2.5NaCl	100000	37655	37588	80.0000	1.1532	0.0070
80meV	Agua-pura	100000	32654	32551	80.0000		
100meV	Agua+10NaCl	100000	49580	49505	100.0000	1.4943	0.0082
100meV	Agua+5NaCl	100000	42412	42309	100.0000	1.2782	0.0074
100meV	Agua+2.5NaCl	100000	38582	38497	100.0000	1.1628	0.0070
100meV	Agua-pura	100000	33180	33089	100.0000		
300meV	Agua+10NaCl	100000	51143	51060	300.0000	1.4700	0.0078
300meV	Agua+5NaCl	100000	44198	44126	300.0000	1.2704	0.0071
300meV	Agua+2.5NaCl	100000	40440	40357	300.0000	1.1624	0.0067
300meV	Agua-pura	100000	34790	34713	300.0000		
500meV	Agua+10NaCl	100000	51490	51419	500.0000	1.4546	0.0077
500meV	Agua+5NaCl	100000	44911	44824	500.0000	1.2688	0.0070
500meV	Agua+2.5NaCl	100000	40636	40559	500.0000	1.1480	0.0066
500meV	Agua-pura	100000	35397	35313	500.0000		
700meV	Agua+10NaCl	100000	51355	51274	700.0000	1.4481	0.0076
700meV	Agua+5NaCl	100000	44765	44677	700.0000	1.2623	0.0070
700meV	Agua+2.5NaCl	100000	40778	40709	700.0000	1.1499	0.0066
700meV	Agua-pura	100000	35463	35385	700.0000		
1000meV	Agua+10NaCl	100000	51378	51303	1000.0000	1.4319	0.0075
1000meV	Agua+5NaCl	100000	45105	45033	1000.0000	1.2571	0.0069
1000meV	Agua+2.5NaCl	100000	40822	40725	1000.0000	1.1377	0.0065
1000meV	Agua-pura	100000	35881	35805	1000.0000		
10000meV	Agua+10NaCl	100000	50513	50459	10000.0000	1.4220	0.0075
10000meV	Agua+5NaCl	100000	44242	44183	10000.0000	1.2455	0.0069
10000meV	Agua+2.5NaCl	100000	40741	40699	10000.0000	1.1469	0.0066
10000meV	Agua-pura	100000	35522	35436	10000.0000		
100000meV	Agua+10NaCl	100000	48739	48697	100000.0000	1.4012	0.0076
100000meV	Agua+5NaCl	100000	43239	43195	100000.0000	1.2431	0.0070
100000meV	Agua+2.5NaCl	100000	39551	39510	100000.0000	1.1370	0.0066
100000meV	Agua-pura	100000	34784	34730	100000.0000		
1000000meV	Agua+10NaCl	100000	45413	45379	10000000.0000	1.3447	0.0076
1000000meV	Agua+5NaCl	100000	40934	40900	10000000.0000	1.2121	0.0071
1000000meV	Agua+2.5NaCl	100000	37570	37537	10000000.0000	1.1125	0.0067
1000000meV	Agua-pura	100000	33772	33723	10000000.0000		
