# altura_pulso_canal	cuentas_relativas  (digitalizado de PULSO-HE3.png)
3.29	0.0584
6.59	0.0584
9.88	0.0282
13.18	0.0104
16.47	0.0104
19.77	0.0031
23.06	0.0031
26.36	0.0042
29.65	0.0115
32.95	0.0115
36.24	0.0167
39.54	0.0188
42.83	0.0188
46.13	0.0209
49.42	0.0209
52.72	0.0229
56.01	0.0334
59.31	0.0334
62.60	0.0334
65.90	0.0375
69.19	0.0375
72.49	0.0365
75.78	0.0365
79.08	0.0448
82.37	0.0469
85.67	0.0469
88.96	0.0532
92.26	0.0615
95.55	0.0615
98.85	0.0647
102.14	0.0647
105.44	0.0730
108.73	0.0834
112.03	0.0834
115.32	0.0813
118.62	0.0918
121.91	0.0918
125.21	0.0959
128.50	0.0959
131.80	0.0876
135.09	0.0980
138.39	0.0980
141.68	0.1001
144.98	0.0886
148.27	0.0886
151.57	0.0772
154.86	0.0772
158.15	0.0699
161.45	0.0761
164.74	0.0761
168.04	0.0772
171.33	0.0667
174.63	0.0667
177.92	0.0615
181.22	0.0615
184.51	0.0636
187.81	0.0563
191.10	0.0563
194.40	0.0490
197.69	0.0511
200.99	0.0511
204.28	0.0574
207.58	0.0574
210.87	0.0407
214.17	0.0365
217.46	0.0365
220.76	0.0313
224.05	0.0282
227.35	0.0282
230.64	0.0250
233.94	0.0250
237.23	0.0198
240.53	0.0198
243.82	0.0198
247.12	0.0198
250.41	0.0198
253.71	0.0198
257.00	0.0146
260.30	0.0146
263.59	0.0198
266.89	0.0177
270.18	0.0177
273.48	0.0167
276.77	0.0136
280.07	0.0136
283.36	0.0136
286.66	0.0136
289.95	0.0125
293.25	0.0136
296.54	0.0136
299.84	0.0136
309.72	0.0115
313.01	0.0083
316.31	0.0083
319.60	0.0136
322.90	0.0136
326.19	0.0136
329.49	0.0063
332.78	0.0063
336.08	0.0063
339.37	0.0115
342.67	0.0115
345.96	0.0198
349.26	0.0198
352.55	0.0292
355.85	0.0396
359.14	0.0396
362.44	0.0563
365.73	0.0709
369.03	0.0709
372.32	0.0709
375.62	0.0709
378.91	0.0647
382.21	0.0615
385.50	0.0615
388.80	0.0699
392.09	0.0751
395.39	0.0751
398.68	0.0647
401.98	0.0647
405.27	0.0594
408.57	0.0594
411.86	0.0594
415.16	0.0719
418.45	0.0647
421.75	0.0647
425.04	0.0584
428.34	0.0584
431.63	0.0532
434.93	0.0584
438.22	0.0584
441.52	0.0667
444.81	0.0584
448.11	0.0584
451.40	0.0636
454.70	0.0636
457.99	0.0615
461.29	0.0553
464.58	0.0553
467.87	0.0563
471.17	0.0532
474.46	0.0532
477.76	0.0542
481.05	0.0542
484.35	0.0501
487.64	0.0553
490.94	0.0553
494.23	0.0584
497.53	0.0542
500.82	0.0542
504.12	0.0615
507.41	0.0615
510.71	0.0532
514.00	0.0584
517.30	0.0584
520.59	0.0584
523.89	0.0605
527.18	0.0605
530.48	0.0615
533.77	0.0615
537.07	0.0532
540.36	0.0615
543.66	0.0615
546.95	0.0563
550.25	0.0501
553.54	0.0501
556.84	0.0542
560.13	0.0542
563.43	0.0584
573.31	0.0563
576.61	0.0542
579.90	0.0542
583.20	0.0532
586.49	0.0532
589.79	0.0501
593.08	0.0532
596.38	0.0532
599.67	0.0480
602.97	0.0438
606.26	0.0438
609.56	0.0459
612.85	0.0459
616.14	0.0469
619.44	0.0615
622.73	0.0615
626.03	0.0553
629.32	0.0469
632.62	0.0469
635.91	0.0483
639.21	0.0483
642.50	0.0448
645.80	0.0501
649.09	0.0501
652.39	0.0563
655.68	0.0501
658.98	0.0501
662.27	0.0521
665.57	0.0521
668.86	0.0532
672.16	0.0584
675.45	0.0584
678.75	0.0501
682.04	0.0532
685.34	0.0532
688.63	0.0448
691.93	0.0448
695.22	0.0448
698.52	0.0469
701.81	0.0469
705.11	0.0448
708.40	0.0490
711.70	0.0490
714.99	0.0521
718.29	0.0521
721.58	0.0532
724.88	0.0469
728.17	0.0469
731.47	0.0448
734.76	0.0459
738.06	0.0459
741.35	0.0375
744.65	0.0375
747.94	0.0386
751.24	0.0459
754.53	0.0459
757.83	0.0553
761.12	0.0480
764.42	0.0480
767.71	0.0396
771.00	0.0396
774.30	0.0480
777.59	0.0501
780.89	0.0501
784.18	0.0438
787.48	0.0375
790.77	0.0375
800.66	0.0417
803.95	0.0448
807.25	0.0448
810.54	0.0459
813.84	0.0480
817.13	0.0480
820.43	0.0417
823.72	0.0417
827.02	0.0355
830.31	0.0417
833.61	0.0417
836.90	0.0480
840.20	0.0469
843.49	0.0469
846.79	0.0469
850.08	0.0469
853.38	0.0417
856.67	0.0396
859.97	0.0396
866.56	0.0396
869.85	0.0396
873.15	0.0375
876.44	0.0375
879.74	0.0386
883.03	0.0448
886.33	0.0448
889.62	0.0396
892.92	0.0355
896.21	0.0355
899.51	0.0396
902.80	0.0396
909.39	0.0417
912.69	0.0417
915.98	0.0375
919.28	0.0375
922.57	0.0375
925.86	0.0313
929.16	0.0313
932.45	0.0413
935.75	0.0417
939.04	0.0417
942.34	0.0480
945.63	0.0375
948.93	0.0375
952.22	0.0375
955.52	0.0375
958.81	0.0396
962.11	0.0365
965.40	0.0365
968.70	0.0428
971.99	0.0448
975.29	0.0448
978.58	0.0365
981.88	0.0365
985.17	0.0396
988.47	0.0448
991.76	0.0448
995.06	0.0459
998.35	0.0344
1001.65	0.0344
1004.94	0.0417
1008.24	0.0417
1011.53	0.0428
1014.83	0.0448
1018.12	0.0448
1021.42	0.0396
1024.71	0.0448
1028.01	0.0448
1031.30	0.0459
1034.60	0.0459
1037.89	0.0448
1041.19	0.0532
1044.48	0.0532
1047.78	0.0469
1051.07	0.0459
1054.37	0.0459
1057.66	0.0542
1060.96	0.0542
1064.25	0.0532
1067.55	0.0521
1070.84	0.0521
1074.14	0.0521
1077.43	0.0501
1080.72	0.0501
1084.02	0.0501
1087.31	0.0501
1090.61	0.0542
1093.90	0.0594
1097.20	0.0594
1100.49	0.0594
1103.79	0.0626
1107.08	0.0626
1110.38	0.0699
1113.67	0.0699
1116.97	0.0751
1120.26	0.0834
1123.56	0.0834
1126.85	0.0855
1130.15	0.0813
1133.44	0.0813
1136.74	0.0897
1140.03	0.0897
1143.33	0.0980
1146.62	0.1064
1149.92	0.1064
1153.21	0.1314
1156.51	0.1408
1159.80	0.1408
1163.10	0.1512
1166.39	0.1512
1172.98	0.1700
1176.28	0.1700
1179.57	0.1814
1182.87	0.1992
1186.16	0.1992
1189.46	0.2086
1192.75	0.2086
1196.05	0.2044
1199.34	0.2044
1202.64	0.2044
1205.93	0.2086
1209.23	0.1887
1212.52	0.1887
1215.82	0.1898
1219.11	0.1898
1222.41	0.1950
1225.70	0.1846
1229.00	0.1846
1232.29	0.2033
1235.58	0.1929
1238.88	0.1929
1242.17	0.1762
1245.47	0.1762
1248.76	0.1721
1252.06	0.1783
1255.35	0.1783
1258.65	0.1908
1261.94	0.1950
1265.24	0.1950
1268.53	0.1877
1271.83	0.1877
1275.12	0.1814
1278.42	0.1929
1281.71	0.1929
1285.01	0.2002
1288.30	0.1992
1291.60	0.1992
1294.89	0.1867
1298.19	0.1867
1301.48	0.2180
1304.78	0.2088
1308.07	0.2088
1311.37	0.2086
1314.66	0.2169
1317.96	0.2169
1321.25	0.2315
1324.55	0.2315
1327.84	0.2492
1331.14	0.2482
1334.43	0.2482
1337.73	0.2534
1341.02	0.2346
1344.32	0.2346
1347.61	0.2482
1350.91	0.2482
1354.20	0.2638
1357.50	0.2753
1360.79	0.2753
1364.09	0.3003
1367.38	0.3034
1370.68	0.3034
1373.97	0.2953
1377.27	0.2953
1380.56	0.3379
1383.86	0.3618
1387.15	0.3618
1390.44	0.3514
1393.74	0.3816
1397.03	0.3816
1400.33	0.3879
1403.62	0.3879
1406.92	0.3796
1410.21	0.4067
1413.51	0.4067
1416.80	0.4307
1420.10	0.4536
1423.39	0.4536
1426.69	0.4984
1429.98	0.4984
1433.28	0.5349
1436.57	0.5568
1439.87	0.5568
1443.16	0.5766
1446.46	0.6496
1449.75	0.6496
1453.05	0.7036
1456.34	0.7036
1459.64	0.7466
1462.93	0.7758
1466.23	0.7758
1469.52	0.8154
1472.82	0.8749
1476.11	0.8749
1479.41	0.8936
1482.70	0.8936
1486.00	0.9468
1489.29	0.9750
1492.59	0.9750
1495.88	0.9135
1499.18	0.8446
1502.47	0.8446
1505.77	0.7904
1509.06	0.7904
1512.36	0.7769
1515.65	0.7018
1518.95	0.7018
1522.24	0.5401
1525.54	0.4046
1528.83	0.4046
1532.13	0.3587
1535.42	0.3587
1538.71	0.3003
1542.01	0.2482
1545.30	0.2482
1548.60	0.2096
1551.89	0.1564
1555.19	0.1564
1558.48	0.1001
1561.78	0.1001
1565.07	0.0699
1568.37	0.0553
1571.66	0.0553
1574.96	0.0386
1578.25	0.0250
1581.55	0.0250
1584.84	0.0229
1588.14	0.0229
1591.43	0.0188
1594.73	0.0070
1598.02	0.0070
1601.32	0.0052
1604.61	0.0031
1607.91	0.0031
1611.20	0.0031
1614.50	0.0031
1617.79	0.0031
1621.09	0.0031
1624.38	0.0031
1627.68	0.0021
1630.97	0.0031
1634.27	0.0031
1637.56	0.0031
1640.86	0.0031
1644.15	0.0031
1647.45	0.0021
1650.74	0.0021
1654.04	0.0031
1657.33	0.0031
1660.63	0.0031
1663.92	0.0021
1667.22	0.0021
1670.51	0.0021
1673.81	0.0021
1677.10	0.0021
1680.40	0.0000
1683.69	0.0031
1686.99	0.0031
1690.28	0.0031
1693.57	0.0031
1696.87	0.0031
1700.16	0.0021
1703.46	0.0021
1706.75	0.0031
1710.05	0.0031
1713.34	0.0031
1716.64	0.0021
1719.93	0.0031
1723.23	0.0031
1726.52	0.0021
1729.82	0.0021
1733.11	0.0031
1736.41	0.0031
1739.70	0.0031
1743.00	0.0021
1746.29	0.0000
1749.59	0.0000
1752.88	0.0031
1756.18	0.0031
1759.47	0.0031
1762.77	0.0031
1766.06	0.0031
1769.36	0.0031
1772.65	0.0021
1775.95	0.0021
1779.24	0.0000
1782.54	0.0000
1785.83	0.0031
1789.13	0.0021
1792.42	0.0021
1795.72	0.0031
1799.01	0.0031
1802.31	0.0031
1805.60	0.0021
1808.90	0.0021
1812.19	0.0031
1815.49	0.0000
1818.78	0.0000
1822.08	0.0000
1825.37	0.0000
1828.67	0.0000
1831.96	0.0000
1835.26	0.0000
1838.55	0.0031
1841.85	0.0000
1845.14	0.0000
1848.43	0.0000
1851.73	0.0000
1855.02	0.0000
1858.32	0.0000
1861.61	0.0000
1864.91	0.0000
1868.20	0.0000
1871.50	0.0000
1874.79	0.0000
1878.09	0.0021
1881.38	0.0021
1884.68	0.0021
1887.97	0.0021
1891.27	0.0021
1894.56	0.0021
1897.86	0.0021
1901.15	0.0031
1904.45	0.0031
1907.74	0.0031
1911.04	0.0000
1914.33	0.0000
1917.63	0.0000
1920.92	0.0021
1924.22	0.0021
1927.51	0.0021
1930.81	0.0000
1934.10	0.0000
1937.40	0.0031
1940.69	0.0031
1943.99	0.0031
1947.28	0.0031
1950.58	0.0031
1953.87	0.0031
1957.17	0.0000
1960.46	0.0000
1963.76	0.0000
1967.05	0.0000
1970.35	0.0000
1973.64	0.0000
1976.94	0.0000
1980.23	0.0000
1983.53	0.0000
1986.82	0.0000
