energia	medio	filas_total	filas_tanque	filas_exterior	filas_tanque_estricto	trazas_total	trazas_neutron	trazas_secundarias	compt_total	compt_tanque	compt_exterior	phot_total	phot_tanque	phot_exterior	Rayl_total	Rayl_tanque	Rayl_exterior	conv_total	conv_tanque	conv_exterior	Transportation_total	Transportation_tanque	Transportation_exterior	compt_E_menor_3MeV_total	compt_por_foton_neutron_media	absorbidos_phot_tanque	absorbidos_conv_tanque	escapan	emision_H_2.224	emision_N_10.83	emision_B_0.478	emision_otras	z_fotoabs_media_mm	r_fotoabs_media_mm	E_phot_entrada_media	cascadas	cascadas_H	cascadas_Cl	E_cascada_Cl_media_MeV	fraccion_Cl_conserva_Q	tesis_phot_n	tesis_phot_media_0.01-0.1	tesis_phot_std_0.01-0.1
1meV	Agua-pura	133706	108898	24808	98474	19371	17719	1652	80745	80365	380	5301	5274	27	3458	3453	5	151	151	0	44051	19655	24396	80740	4.2851	5274	151	13919	7389	50	42	191	1101.13	240.52	0.04864	17418	17321	0			4175	0.0464	0.0151
1meV	Agua+2.5NaCl	265832	213878	51954	191830	41696	35535	6161	154930	154212	718	11802	11754	48	6471	6450	21	846	838	8	91783	40624	51159	153630	3.7610	11754	838	29048	5341	48	40	10600	1109.40	243.42	0.05164	20642	12448	7561	10.137	0.266	8884	0.0488	0.0159
1meV	Agua+5NaCl	345439	275135	70304	245214	56620	47383	9237	196324	195348	976	16146	16071	75	7998	7976	22	1278	1260	18	123692	54479	69213	194211	3.5154	16071	1260	39195	4442	34	40	17476	1108.02	241.69	0.05426	23437	10293	12224	10.252	0.265	11928	0.0506	0.0161
1meV	Agua+10NaCl	460496	363278	97218	321796	79442	65049	14393	254656	253350	1306	23242	23153	89	10214	10181	33	2062	2040	22	170322	74554	95768	251398	3.2352	23153	2040	54138	3501	42	24	27300	1115.89	239.76	0.05760	28107	7783	18939	10.291	0.265	16783	0.0534	0.0164
2.5meV	Agua-pura	153036	124672	28364	112723	22150	20320	1830	92551	92153	398	6090	6056	34	3906	3899	7	150	148	2	50339	22416	27923	92542	4.3087	6056	148	15910	8303	42	73	198	1105.62	238.07	0.04953	19899	19801	0			4766	0.0472	0.0156
2.5meV	Agua+2.5NaCl	300023	241700	58323	216969	47074	39959	7115	175182	174364	818	13493	13441	52	7314	7288	26	968	963	5	103065	45643	57422	173674	3.7817	13441	963	32612	6009	39	46	11565	1112.49	240.59	0.05201	23370	14232	8479	10.222	0.268	10111	0.0492	0.0161
2.5meV	Agua+5NaCl	394219	315348	78871	281780	64110	53457	10653	226112	225003	1109	18664	18592	72	9200	9176	24	1467	1453	14	138776	61124	77652	223752	3.5647	18592	1453	43979	5145	40	27	19120	1113.28	240.41	0.05380	26576	11680	13883	10.207	0.265	13753	0.0504	0.0160
2.5meV	Agua+10NaCl	529142	418772	110370	371738	90638	74121	16517	294213	292656	1557	26889	26773	116	11902	11871	31	2332	2308	24	193795	85153	108642	290557	3.2835	26773	2308	61406	4104	49	26	30474	1117.47	241.50	0.05741	32287	9192	21532	10.245	0.262	19348	0.0531	0.0161
5meV	Agua-pura	171672	139913	31759	126432	24797	22703	2094	103990	103548	442	6849	6827	22	4348	4338	10	191	189	2	56294	25011	31283	103983	4.3263	6827	189	17757	9216	34	85	195	1104.79	240.11	0.04889	22229	22140	0			5432	0.0470	0.0152
5meV	Agua+2.5NaCl	341042	275992	65050	248468	52971	44887	8084	200513	199589	924	15476	15405	71	8487	8469	18	1108	1092	16	115458	51437	64021	198847	3.8551	15405	1092	36387	6888	25	57	12664	1113.73	240.72	0.05236	26464	16418	9350	10.224	0.270	11528	0.0489	0.0159
5meV	Agua+5NaCl	437060	350114	86946	313124	70927	58948	11979	251068	249853	1215	20779	20682	97	10368	10347	21	1685	1665	20	153158	67565	85593	248504	3.5954	20682	1665	48461	5835	19	46	20558	1112.11	241.19	0.05377	29715	13507	15123	10.220	0.271	15225	0.0506	0.0160
5meV	Agua+10NaCl	588849	468138	120711	416785	99846	81511	18335	330550	328834	1716	30002	29892	110	13193	13163	30	2564	2546	18	212540	93703	118837	326379	3.3616	29892	2546	67280	4617	30	27	32623	1115.77	240.45	0.05763	35625	10398	23546	10.235	0.263	21626	0.0532	0.0162
7meV	Agua-pura	183356	150071	33285	136026	26049	23968	2081	111726	111236	490	7243	7206	37	4820	4810	10	150	148	2	59417	26671	32746	111723	4.4220	7206	148	18656	9660	25	82	153	1104.17	239.42	0.04900	23532	23463	0			5695	0.0462	0.0153
7meV	Agua+2.5NaCl	364049	294752	69297	265475	56442	47722	8720	214270	213262	1008	16500	16419	81	9080	9058	22	1155	1138	17	123044	54875	68169	212423	3.8802	16419	1138	38787	7276	32	68	13449	1113.06	240.03	0.05174	27873	17165	9962	10.334	0.261	12271	0.0488	0.0159
7meV	Agua+5NaCl	465023	373474	91549	334585	74786	62438	12348	268617	267275	1342	22054	21976	78	11192	11161	31	1662	1648	14	161498	71414	90084	265950	3.6747	21976	1648	51070	6156	28	54	21485	1112.47	240.08	0.05377	31355	14467	15710	10.257	0.260	16264	0.0503	0.0160
7meV	Agua+10NaCl	618701	492870	125831	439243	104783	85407	19376	348392	346681	1711	31915	31798	117	14267	14239	28	2748	2715	33	221378	97436	123942	343997	3.3826	31798	2715	70119	4793	26	41	33961	1114.77	241.06	0.05799	37415	10905	24773	10.272	0.269	23142	0.0532	0.0162
10meV	Agua-pura	194412	159194	35218	144227	27750	25446	2304	118793	118328	465	7823	7790	33	4906	4893	13	238	237	1	62652	27946	34706	118791	4.3916	7790	237	19689	10223	34	80	153	1100.14	238.43	0.04971	25021	24946	0			6203	0.0474	0.0158
10meV	Agua+2.5NaCl	377599	306048	71551	275763	58493	49496	8997	222626	221630	996	17245	17182	63	9446	9419	27	1193	1187	6	127089	56630	70459	220783	3.8844	17182	1187	40055	7668	28	49	13500	1112.41	237.27	0.05177	29452	18495	10220	10.335	0.263	12870	0.0489	0.0159
10meV	Agua+5NaCl	487960	392804	95156	352484	78268	64927	13341	283152	281787	1365	23238	23165	73	11560	11530	30	1870	1851	19	168140	74471	93669	280237	3.6867	23165	1851	53160	6440	28	39	22069	1110.27	241.74	0.05377	32991	15166	16628	10.192	0.272	17218	0.0503	0.0159
10meV	Agua+10NaCl	646280	514877	131403	458921	109420	89330	20090	363826	362021	1805	33422	33315	107	14646	14606	40	2754	2725	29	231630	102208	129422	359353	3.3965	33315	2725	73242	5180	22	41	35281	1117.30	239.63	0.05774	39456	11732	25932	10.206	0.268	24126	0.0532	0.0161
25meV	Agua-pura	225411	184829	40582	167626	32047	29290	2757	137918	137346	572	9110	9073	37	5754	5743	11	241	239	2	72388	32428	39960	137918	4.4454	9073	239	22696	11443	28	117	134	1107.12	236.50	0.04948						7225	0.0469	0.0153
25meV	Agua+2.5NaCl	430273	350171	80102	316429	65846	55785	10061	255794	254645	1149	19543	19468	75	10628	10605	23	1342	1332	10	142966	64121	78845	253682	3.9826	19468	1332	44961	8695	26	74	14750	1109.38	240.01	0.05152						14643	0.0487	0.0159
25meV	Agua+5NaCl	562811	455343	107468	409972	89589	74193	15396	328823	327229	1594	27282	27200	82	13835	13793	42	2131	2110	21	190725	84996	105729	325356	3.7405	27200	2110	60161	7420	26	52	24527	1109.95	240.78	0.05374						20010	0.0503	0.0159
25meV	Agua+10NaCl	725744	580536	145208	518893	121929	99288	22641	411471	409540	1931	37599	37481	118	16485	16449	36	3119	3097	22	257070	113969	143101	406446	3.4505	37481	3097	81211	5810	22	38	38131	1115.31	239.88	0.05811						27303	0.0535	0.0164
50meV	Agua-pura	247550	203746	43804	185238	34869	31857	3012	152379	151752	627	10072	10031	41	6414	6396	18	248	247	1	78437	35320	43117	152377	4.5355	10031	247	24549	12430	33	117	161	1102.72	236.73	0.04926						7917	0.0467	0.0152
50meV	Agua+2.5NaCl	464181	379151	85030	343483	70267	59609	10658	277872	276625	1247	20963	20883	80	11656	11621	35	1452	1444	8	152238	68578	83660	275658	4.0540	20883	1444	47852	9264	23	64	15316	1108.40	240.65	0.05181						15809	0.0489	0.0159
50meV	Agua+5NaCl	607470	493154	114316	444890	95887	79509	16378	357139	355539	1600	29580	29504	76	14742	14711	31	2202	2186	16	203807	91214	112593	353513	3.8217	29504	2186	64105	8113	21	54	25471	1111.60	239.39	0.05382						21785	0.0503	0.0159
50meV	Agua+10NaCl	783889	629014	154875	563526	130907	106436	24471	446903	444736	2167	40762	40616	146	18009	17971	38	3421	3390	31	274793	122300	152493	441527	3.4932	40616	3390	86723	6112	24	47	40187	1117.37	239.63	0.05793						29547	0.0533	0.0162
80meV	Agua-pura	260103	214772	45331	195818	36416	33214	3202	160658	159952	706	10674	10616	58	6887	6873	14	255	255	0	81629	37076	44553	160652	4.5618	10616	255	25487	12757	19	120	160	1101.47	239.89	0.04920						8387	0.0468	0.0153
80meV	Agua+2.5NaCl	487745	398337	89408	360790	74193	62611	11582	291264	289986	1278	22410	22320	90	12279	12242	37	1532	1513	19	160260	72276	87984	288984	4.0307	22320	1513	50251	9638	15	110	16003	1108.75	239.04	0.05190						16748	0.0490	0.0161
80meV	Agua+5NaCl	625324	508124	117200	458869	98487	81602	16885	368066	366315	1751	30282	30192	90	15314	15264	50	2327	2306	21	209325	94037	115288	364420	3.8316	30192	2306	65868	8194	28	65	26013	1109.88	240.67	0.05398						22391	0.0504	0.0160
80meV	Agua+10NaCl	814359	655524	158835	588414	135369	109759	25610	466775	464581	2194	42761	42609	152	18971	18914	57	3602	3566	36	282228	125832	156396	461275	3.5502	42609	3566	88984	6367	25	50	40823	1116.61	240.19	0.05797						31035	0.0532	0.0162
100meV	Agua-pura	262414	216088	46326	196616	37093	33808	3285	161550	160865	685	10794	10756	38	6724	6709	15	286	286	0	83060	37472	45588	161547	4.5039	10756	286	26013	13050	29	121	167	1106.60	236.95	0.04960						8464	0.0471	0.0156
100meV	Agua+2.5NaCl	500696	409145	91551	370722	75993	64189	11804	299805	298487	1318	22867	22786	81	12502	12476	26	1604	1592	12	163918	73804	90114	297355	4.0502	22786	1592	51522	9898	16	83	16468	1109.31	241.26	0.05153						17275	0.0488	0.0159
100meV	Agua+5NaCl	636187	517145	119042	467043	100111	82790	17321	374718	372939	1779	30957	30846	111	15555	15515	40	2392	2371	21	212553	95462	117091	370949	3.8343	30846	2371	66750	8173	23	80	26381	1113.81	240.34	0.05397						22828	0.0505	0.0160
100meV	Agua+10NaCl	825011	664137	160874	596203	136891	111287	25604	472947	470694	2253	43109	42968	141	18935	18882	53	3584	3549	35	286412	128020	158392	467176	3.5389	42968	3549	90174	6461	11	45	41345	1115.77	239.15	0.05801						31405	0.0532	0.0163
300meV	Agua-pura	278824	230278	48546	209834	38954	35498	3456	172345	171606	739	11405	11371	34	7432	7412	20	335	330	5	87307	39559	47748	172343	4.5676	11371	330	27214	13433	30	133	147	1103.50	239.63	0.04969						8946	0.0469	0.0156
300meV	Agua+2.5NaCl	528157	432876	95281	392919	79532	67266	12266	317768	316390	1378	24283	24202	81	13350	13314	36	1625	1603	22	171131	77367	93764	315251	4.1051	24202	1603	53624	10256	24	92	17045	1109.76	240.26	0.05152						18332	0.0488	0.0159
300meV	Agua+5NaCl	667576	544591	122985	493049	104267	86330	17937	395799	394016	1783	32537	32426	111	16324	16287	37	2468	2440	28	220447	99421	121026	391812	3.9088	32426	2440	69261	8180	22	68	27018	1110.90	240.68	0.05407						24224	0.0505	0.0161
300meV	Agua+10NaCl	856765	691365	165400	621770	141472	114957	26515	493089	490766	2323	44900	44768	132	19959	19917	42	3649	3615	34	295168	132299	162869	487221	3.5890	44768	3615	92923	6642	16	52	41975	1116.61	239.46	0.05820						32626	0.0533	0.0163
500meV	Agua-pura	284314	235370	48944	214952	39631	36118	3513	176775	175994	781	11767	11729	38	7237	7223	14	279	276	3	88256	40148	48108	176772	4.6278	11729	276	27585	13334	24	144	184	1105.80	237.40	0.04939						9170	0.0470	0.0156
500meV	Agua+2.5NaCl	531735	436552	95183	396817	80020	67591	12429	320659	319239	1420	24615	24507	108	13496	13468	28	1688	1674	14	171277	77664	93613	318065	4.1243	24507	1674	53717	10097	19	107	16809	1110.09	240.77	0.05183						18508	0.0490	0.0158
500meV	Agua+5NaCl	681125	556277	124848	503948	106265	87701	18564	404757	402977	1780	33341	33227	114	16433	16396	37	2600	2574	26	223979	101088	122891	400614	3.9071	33227	2574	70309	8298	21	91	27458	1112.36	239.56	0.05386						24799	0.0504	0.0159
500meV	Agua+10NaCl	863616	697920	165696	628269	142201	115321	26880	498382	496058	2324	45219	45090	129	20205	20153	52	3795	3760	35	296015	132859	163156	492419	3.6046	45090	3760	93187	6614	12	70	41786	1117.04	240.41	0.05822						32901	0.0532	0.0162
700meV	Agua-pura	284228	235109	49119	214470	39699	36161	3538	176236	175515	721	11787	11744	43	7445	7427	18	295	293	2	88465	40130	48335	176234	4.6100	11744	293	27617	13534	23	143	169	1105.30	234.23	0.04973						9194	0.0469	0.0154
700meV	Agua+2.5NaCl	538007	441622	96385	401353	80755	68344	12411	324148	322764	1384	24609	24516	93	13554	13523	31	1700	1686	14	173984	79121	94863	321524	4.1144	24516	1686	54434	10154	23	121	17036	1111.89	239.15	0.05208						18543	0.0490	0.0158
700meV	Agua+5NaCl	676315	552542	123773	500750	105282	87097	18185	401733	399930	1803	33010	32895	115	16886	16833	53	2508	2480	28	222177	100403	121774	397666	3.9339	32895	2480	69763	8432	26	82	27127	1114.19	239.82	0.05404						24497	0.0504	0.0160
700meV	Agua+10NaCl	864250	699745	164505	630570	142012	115204	26808	500058	497742	2316	45840	45702	138	20360	20305	55	3657	3628	29	294333	132366	161967	493959	3.6330	45702	3628	92513	6576	16	71	41340	1118.37	239.50	0.05789						33351	0.0532	0.0163
1000meV	Agua-pura	289431	239947	49484	219205	40064	36604	3460	180219	179506	713	11933	11902	31	7510	7483	27	263	259	4	89506	40797	48709	180218	4.6558	11902	259	27868	13539	24	177	148	1102.23	236.69	0.04911						9433	0.0468	0.0153
1000meV	Agua+2.5NaCl	534570	440039	94531	400602	79930	67405	12525	324206	322883	1323	24847	24756	91	13516	13488	28	1639	1621	18	170362	77291	93071	321740	4.1670	24756	1621	53444	9985	29	113	16606	1107.86	240.65	0.05153						18645	0.0487	0.0157
1000meV	Agua+5NaCl	686295	561933	124362	509915	106296	87866	18430	409342	407543	1799	33636	33531	105	17154	17104	50	2547	2523	24	223614	101230	122384	405304	3.9592	33531	2523	70111	8482	30	88	27064	1112.62	240.31	0.05371						24906	0.0504	0.0160
1000meV	Agua+10NaCl	868959	704066	164893	634806	142917	115588	27329	503504	501212	2292	46292	46174	118	20371	20316	55	3776	3754	22	295016	132610	162406	497528	3.6318	46174	3754	92849	6492	22	66	41549	1118.36	239.12	0.05805						33601	0.0534	0.0163
10000meV	Agua-pura	287664	238886	48778	218522	39930	36456	3474	179211	178511	700	12041	11998	43	7456	7440	16	292	291	1	88664	40646	48018	179204	4.6491	11998	291	27597	13374	17	201	203	1106.34	235.63	0.04938						9429	0.0471	0.0156
10000meV	Agua+2.5NaCl	543370	448870	94500	409560	80573	67843	12730	330902	329530	1372	25391	25314	77	14157	14122	35	1668	1651	17	171252	78253	92999	328293	4.2435	25314	1651	53514	9815	11	137	16502	1109.79	239.75	0.05145						19071	0.0485	0.0156
10000meV	Agua+5NaCl	688242	565841	122401	514960	106122	87467	18655	413122	411354	1768	34201	34099	102	16952	16907	45	2598	2586	12	221369	100895	120474	409072	4.0151	34099	2586	69323	8176	12	107	26356	1111.29	238.72	0.05427						25491	0.0506	0.0161
10000meV	Agua+10NaCl	863806	704342	159464	637755	140183	112998	27185	506231	503961	2270	46392	46247	145	20573	20520	53	3755	3722	33	286852	129889	156963	500249	3.7443	46247	3722	90033	6206	14	68	39496	1114.16	239.92	0.05790						33720	0.0533	0.0162
100000meV	Agua-pura	285748	238442	47306	218812	39256	35638	3618	179452	178764	688	12120	12081	39	7506	7479	27	314	309	5	86356	39809	46547	179452	4.7639	12081	309	26822	12669	13	194	162	1102.89	236.71	0.04969						9446	0.0471	0.0157
100000meV	Agua+2.5NaCl	527910	437047	90863	399459	78163	65760	12403	322175	320791	1384	24905	24819	86	13746	13717	29	1700	1690	10	165384	76030	89354	319531	4.2532	24819	1690	51558	9571	8	159	15669	1106.23	240.37	0.05200						18641	0.0490	0.0158
100000meV	Agua+5NaCl	676177	557400	118777	508191	103620	85012	18608	407329	405589	1740	33639	33527	112	17004	16968	36	2592	2578	14	215611	98736	116875	403317	4.0580	33527	2578	67387	7702	9	104	25299	1108.66	238.59	0.05386						24888	0.0505	0.0160
100000meV	Agua+10NaCl	846635	692514	154121	628412	136346	109617	26729	498830	496543	2287	45468	45351	117	20321	20278	43	3696	3666	30	278320	126676	151644	492998	3.7912	45351	3666	87182	5953	15	74	37402	1114.19	239.40	0.05773						33220	0.0532	0.0162
1000000meV	Agua-pura	283957	238505	45452	219815	38253	34814	3439	180265	179542	723	12066	12029	37	7559	7538	21	305	305	0	83762	39091	44671	180263	4.8951	12029	305	25882	11887	16	238	154	1099.64	235.49	0.04997						9397	0.0470	0.0157
1000000meV	Agua+2.5NaCl	513650	428752	84898	393893	74769	62679	12090	318050	316772	1278	24720	24644	76	13478	13436	42	1601	1586	15	155800	72313	83487	315527	4.4189	24644	1586	48447	8608	8	193	14546	1106.85	238.39	0.05161						18430	0.0488	0.0158
1000000meV	Agua+5NaCl	651474	541513	109961	496186	98141	80335	17806	398055	396436	1619	33064	32959	105	16829	16785	44	2433	2416	17	201092	92916	108176	394268	4.2235	32959	2416	62643	7145	10	168	22945	1110.08	240.64	0.05377						24288	0.0501	0.0158
1000000meV	Agua+10NaCl	807929	667270	140659	609303	128026	102335	25691	483293	481180	2113	44307	44176	131	19910	19864	46	3637	3615	22	256782	118435	138347	477661	3.9336	44176	3615	80082	5205	9	117	33492	1114.31	240.56	0.05784						32248	0.0531	0.0162
