medio	energia_eV	fisica	captura_agua_pct	eficiencia_Q1_pct	carga_media_detectados_pe	fraccion_H_pct	fraccion_Cl35_pct	fraccion_Cl37_pct	fraccion_Na23_pct	fraccion_O_pct
AguaPura	0.001	QGSP_BERT_HP	12.95	8.2	4.95	100.0	0.0	0.0	0.0	0.0
AguaPura	0.0025	QGSP_BERT_HP	14.09	8.46	4.64	100.0	0.0	0.0	0.0	0.0
AguaPura	0.005	QGSP_BERT_HP	15.16	8.19	4.22	100.0	0.0	0.0	0.0	0.0
AguaPura	0.007	QGSP_BERT_HP	15.61	8.58	4.18	100.0	0.0	0.0	0.0	0.0
AguaPura	0.01	QGSP_BERT_HP	16.14	8.71	3.73	99.81	0.0	0.0	0.0	0.19
AguaPura	0.025	QGSP_BERT_HP	19.7	8.95	3.31	100.0	0.0	0.0	0.0	0.0
AguaPura	0.05	QGSP_BERT_HP	23.64	11.27	3.16	100.0	0.0	0.0	0.0	0.0
AguaPura	0.08	QGSP_BERT_HP	25.4	11.43	3.08	100.0	0.0	0.0	0.0	0.0
AguaPura	0.1	QGSP_BERT_HP	26.32	12.12	3.12	99.96	0.0	0.0	0.0	0.04
AguaPura	0.3	QGSP_BERT_HP	32.62	15.07	2.75	99.97	0.0	0.0	0.0	0.03
AguaPura	0.5	QGSP_BERT_HP	35.39	15.42	2.94	99.92	0.0	0.0	0.0	0.08
AguaPura	0.7	QGSP_BERT_HP	36.54	16.51	2.7	99.97	0.0	0.0	0.0	0.03
AguaPura	1.0	QGSP_BERT_HP	37.76	16.59	2.72	99.92	0.0	0.0	0.0	0.08
AguaPura	10.0	QGSP_BERT_HP	41.85	18.96	2.57	99.93	0.0	0.0	0.0	0.07
AguaPura	100.0	QGSP_BERT_HP	42.03	19.39	2.63	99.95	0.0	0.0	0.0	0.05
AguaPura	1000.0	QGSP_BERT_HP	41.9	19.46	2.66	99.9	0.0	0.0	0.0	0.1
AguaPura	0.001	QGSP_BERT_HP_NoThermal	15.32	9.34	4.56	100.0	0.0	0.0	0.0	0.0
AguaPura	0.0025	QGSP_BERT_HP_NoThermal	18.47	9.88	3.98	100.0	0.0	0.0	0.0	0.0
AguaPura	0.005	QGSP_BERT_HP_NoThermal	21.07	10.68	3.78	99.86	0.0	0.0	0.0	0.14
AguaPura	0.007	QGSP_BERT_HP_NoThermal	22.9	11.69	3.6	99.96	0.0	0.0	0.0	0.04
AguaPura	0.01	QGSP_BERT_HP_NoThermal	23.08	11.48	3.39	99.96	0.0	0.0	0.0	0.04
AguaPura	0.025	QGSP_BERT_HP_NoThermal	28.31	13.55	3.09	99.96	0.0	0.0	0.0	0.04
AguaPura	0.05	QGSP_BERT_HP_NoThermal	30.48	15.07	2.97	99.93	0.0	0.0	0.0	0.07
AguaPura	0.08	QGSP_BERT_HP_NoThermal	32.07	14.99	2.92	99.97	0.0	0.0	0.0	0.03
AguaPura	0.1	QGSP_BERT_HP_NoThermal	32.16	14.45	2.8	99.94	0.0	0.0	0.0	0.06
AguaPura	0.3	QGSP_BERT_HP_NoThermal	33.0	16.1	2.83	99.97	0.0	0.0	0.0	0.03
AguaPura	0.5	QGSP_BERT_HP_NoThermal	34.02	15.6	2.69	99.97	0.0	0.0	0.0	0.03
AguaPura	0.7	QGSP_BERT_HP_NoThermal	34.2	16.52	2.83	100.0	0.0	0.0	0.0	0.0
AguaPura	1.0	QGSP_BERT_HP_NoThermal	34.49	15.93	2.83	100.0	0.0	0.0	0.0	0.0
AguaPura	10.0	QGSP_BERT_HP_NoThermal	34.48	16.06	2.74	99.97	0.0	0.0	0.0	0.03
AguaPura	100.0	QGSP_BERT_HP_NoThermal	33.73	16.27	2.68	99.97	0.0	0.0	0.0	0.03
AguaPura	1000.0	QGSP_BERT_HP_NoThermal	33.54	16.13	2.65	99.91	0.0	0.0	0.0	0.09
Agua25NaCl	0.001	QGSP_BERT_HP	14.89	10.55	6.94	60.31	38.89	0.13	0.67	0.0
Agua25NaCl	0.0025	QGSP_BERT_HP	16.79	10.81	6.64	60.39	38.71	0.12	0.77	0.0
Agua25NaCl	0.005	QGSP_BERT_HP	18.56	10.75	6.47	61.53	37.61	0.11	0.7	0.05
Agua25NaCl	0.007	QGSP_BERT_HP	17.86	10.49	6.58	62.82	36.17	0.22	0.78	0.0
Agua25NaCl	0.01	QGSP_BERT_HP	19.62	11.52	6.35	62.84	36.49	0.15	0.51	0.0
Agua25NaCl	0.025	QGSP_BERT_HP	22.89	11.78	6.17	63.74	35.47	0.13	0.66	0.0
Agua25NaCl	0.05	QGSP_BERT_HP	27.42	14.25	6.14	64.19	35.19	0.07	0.55	0.0
Agua25NaCl	0.08	QGSP_BERT_HP	29.57	15.09	6.09	64.25	35.14	0.1	0.51	0.0
Agua25NaCl	0.1	QGSP_BERT_HP	30.83	15.93	6.07	64.22	34.93	0.23	0.58	0.03
Agua25NaCl	0.3	QGSP_BERT_HP	37.22	18.97	5.88	64.13	35.09	0.11	0.59	0.08
Agua25NaCl	0.5	QGSP_BERT_HP	38.39	20.01	5.91	64.68	34.64	0.18	0.49	0.0
Agua25NaCl	0.7	QGSP_BERT_HP	40.58	21.05	5.79	63.65	35.58	0.05	0.64	0.07
Agua25NaCl	1.0	QGSP_BERT_HP	41.91	21.31	5.93	64.71	34.48	0.14	0.67	0.0
Agua25NaCl	10.0	QGSP_BERT_HP	45.74	23.95	5.85	64.69	34.43	0.11	0.77	0.0
Agua25NaCl	100.0	QGSP_BERT_HP	45.91	24.28	5.73	65.06	34.26	0.11	0.48	0.09
Agua25NaCl	1000.0	QGSP_BERT_HP	45.24	24.51	5.72	63.9	35.41	0.13	0.53	0.02
Agua25NaCl	0.001	QGSP_BERT_HP_NoThermal	18.2	12.67	6.82	60.33	38.52	0.11	1.04	0.0
Agua25NaCl	0.0025	QGSP_BERT_HP_NoThermal	22.14	12.86	6.65	62.47	36.86	0.09	0.59	0.0
Agua25NaCl	0.005	QGSP_BERT_HP_NoThermal	24.22	13.89	6.31	62.01	37.41	0.12	0.45	0.0
Agua25NaCl	0.007	QGSP_BERT_HP_NoThermal	26.06	14.78	5.85	64.01	35.11	0.08	0.77	0.04
Agua25NaCl	0.01	QGSP_BERT_HP_NoThermal	28.34	15.4	6.34	62.95	36.27	0.14	0.6	0.04
Agua25NaCl	0.025	QGSP_BERT_HP_NoThermal	31.02	16.64	5.88	63.64	35.3	0.16	0.87	0.03
Agua25NaCl	0.05	QGSP_BERT_HP_NoThermal	34.38	18.18	6.21	62.77	36.65	0.15	0.44	0.0
Agua25NaCl	0.08	QGSP_BERT_HP_NoThermal	36.31	19.41	5.96	63.62	35.64	0.08	0.61	0.06
Agua25NaCl	0.1	QGSP_BERT_HP_NoThermal	36.43	19.21	6.23	64.73	34.56	0.19	0.41	0.11
Agua25NaCl	0.3	QGSP_BERT_HP_NoThermal	37.6	19.86	5.98	64.07	35.27	0.16	0.51	0.0
Agua25NaCl	0.5	QGSP_BERT_HP_NoThermal	39.25	20.99	6.03	63.03	36.36	0.08	0.51	0.03
Agua25NaCl	0.7	QGSP_BERT_HP_NoThermal	38.78	20.62	6.19	64.31	35.04	0.1	0.52	0.03
Agua25NaCl	1.0	QGSP_BERT_HP_NoThermal	39.72	21.15	5.88	64.0	35.32	0.1	0.58	0.0
Agua25NaCl	10.0	QGSP_BERT_HP_NoThermal	39.67	21.33	5.92	63.15	36.1	0.13	0.58	0.05
Agua25NaCl	100.0	QGSP_BERT_HP_NoThermal	38.01	20.13	5.55	64.83	34.41	0.05	0.66	0.05
Agua25NaCl	1000.0	QGSP_BERT_HP_NoThermal	37.7	20.11	5.88	63.47	35.94	0.03	0.56	0.0
Agua5NaCl	0.001	QGSP_BERT_HP	17.52	12.69	7.73	41.72	57.02	0.46	0.8	0.0
Agua5NaCl	0.0025	QGSP_BERT_HP	19.31	12.4	7.63	44.38	54.53	0.26	0.83	0.0
Agua5NaCl	0.005	QGSP_BERT_HP	20.43	12.6	7.75	43.07	55.65	0.24	0.98	0.05
Agua5NaCl	0.007	QGSP_BERT_HP	20.57	12.12	7.58	45.79	53.09	0.19	0.92	0.0
Agua5NaCl	0.01	QGSP_BERT_HP	20.95	12.59	7.2	47.21	51.6	0.19	0.95	0.05
Agua5NaCl	0.025	QGSP_BERT_HP	25.3	14.77	6.81	47.98	50.95	0.04	1.03	0.0
Agua5NaCl	0.05	QGSP_BERT_HP	30.57	16.44	6.95	48.25	50.87	0.1	0.79	0.0
Agua5NaCl	0.08	QGSP_BERT_HP	32.34	17.85	7.19	49.32	49.78	0.22	0.65	0.03
Agua5NaCl	0.1	QGSP_BERT_HP	32.61	17.76	6.95	47.16	51.79	0.25	0.77	0.03
Agua5NaCl	0.3	QGSP_BERT_HP	39.6	21.52	7.31	49.04	50.05	0.2	0.71	0.0
Agua5NaCl	0.5	QGSP_BERT_HP	42.32	22.48	7.13	48.61	50.47	0.17	0.71	0.05
Agua5NaCl	0.7	QGSP_BERT_HP	44.35	23.48	6.91	47.94	51.07	0.25	0.68	0.07
Agua5NaCl	1.0	QGSP_BERT_HP	44.97	24.25	7.29	48.3	50.81	0.11	0.76	0.02
Agua5NaCl	10.0	QGSP_BERT_HP	49.09	27.35	7.0	47.46	51.29	0.29	0.96	0.0
Agua5NaCl	100.0	QGSP_BERT_HP	48.63	27.24	7.07	48.55	50.63	0.06	0.72	0.04
Agua5NaCl	1000.0	QGSP_BERT_HP	48.07	27.2	7.35	47.66	51.3	0.12	0.87	0.04
Agua5NaCl	0.001	QGSP_BERT_HP_NoThermal	20.85	13.89	7.43	44.94	54.2	0.14	0.72	0.0
Agua5NaCl	0.0025	QGSP_BERT_HP_NoThermal	24.79	15.63	7.49	46.19	53.09	0.08	0.65	0.0
Agua5NaCl	0.005	QGSP_BERT_HP_NoThermal	28.65	16.95	7.55	46.14	52.71	0.35	0.77	0.03
Agua5NaCl	0.007	QGSP_BERT_HP_NoThermal	30.64	18.43	7.48	45.27	53.72	0.2	0.82	0.0
Agua5NaCl	0.01	QGSP_BERT_HP_NoThermal	31.12	18.25	7.26	46.92	52.25	0.16	0.67	0.0
Agua5NaCl	0.025	QGSP_BERT_HP_NoThermal	35.36	20.2	7.26	47.74	51.47	0.06	0.74	0.0
Agua5NaCl	0.05	QGSP_BERT_HP_NoThermal	38.53	21.58	7.1	48.85	50.19	0.18	0.73	0.05
Agua5NaCl	0.08	QGSP_BERT_HP_NoThermal	39.54	22.76	7.08	46.84	51.92	0.2	0.96	0.08
Agua5NaCl	0.1	QGSP_BERT_HP_NoThermal	40.18	22.65	7.18	48.28	50.57	0.25	0.9	0.0
Agua5NaCl	0.3	QGSP_BERT_HP_NoThermal	42.05	23.63	6.97	48.23	50.7	0.19	0.86	0.02
Agua5NaCl	0.5	QGSP_BERT_HP_NoThermal	42.68	23.58	7.18	47.59	51.41	0.14	0.87	0.0
Agua5NaCl	0.7	QGSP_BERT_HP_NoThermal	42.63	23.64	7.37	47.22	51.54	0.19	1.01	0.05
Agua5NaCl	1.0	QGSP_BERT_HP_NoThermal	43.76	24.47	6.89	49.36	49.79	0.09	0.71	0.05
Agua5NaCl	10.0	QGSP_BERT_HP_NoThermal	42.59	24.04	7.11	47.76	51.21	0.26	0.77	0.0
Agua5NaCl	100.0	QGSP_BERT_HP_NoThermal	42.32	23.58	7.09	47.54	51.42	0.21	0.83	0.0
Agua5NaCl	1000.0	QGSP_BERT_HP_NoThermal	40.42	23.66	7.22	47.28	51.58	0.3	0.84	0.0
Agua10NaCl	0.001	QGSP_BERT_HP	21.11	15.11	8.71	23.92	75.04	0.14	0.9	0.0
Agua10NaCl	0.0025	QGSP_BERT_HP	23.61	15.0	8.32	27.87	70.86	0.17	1.06	0.04
Agua10NaCl	0.005	QGSP_BERT_HP	23.76	15.2	8.45	27.86	70.45	0.17	1.52	0.0
Agua10NaCl	0.007	QGSP_BERT_HP	25.33	15.83	8.2	29.1	69.25	0.36	1.26	0.04
Agua10NaCl	0.01	QGSP_BERT_HP	25.63	16.01	8.34	28.95	69.53	0.35	1.13	0.04
Agua10NaCl	0.025	QGSP_BERT_HP	31.11	18.38	7.89	31.5	66.96	0.35	1.19	0.0
Agua10NaCl	0.05	QGSP_BERT_HP	35.15	20.71	7.94	30.78	67.65	0.28	1.28	0.0
Agua10NaCl	0.08	QGSP_BERT_HP	36.79	21.27	8.34	30.42	67.9	0.3	1.36	0.03
Agua10NaCl	0.1	QGSP_BERT_HP	38.73	22.68	8.24	31.24	67.34	0.31	1.08	0.03
Agua10NaCl	0.3	QGSP_BERT_HP	44.72	26.05	8.5	32.63	66.41	0.16	0.81	0.0
Agua10NaCl	0.5	QGSP_BERT_HP	47.36	27.59	8.18	32.05	66.81	0.17	0.97	0.0
Agua10NaCl	0.7	QGSP_BERT_HP	49.49	28.94	7.97	31.78	67.02	0.3	0.89	0.0
Agua10NaCl	1.0	QGSP_BERT_HP	50.22	29.5	8.35	31.3	67.38	0.26	1.06	0.0
Agua10NaCl	10.0	QGSP_BERT_HP	54.67	32.06	8.33	31.5	67.39	0.24	0.88	0.0
Agua10NaCl	100.0	QGSP_BERT_HP	53.52	31.83	8.2	30.89	67.71	0.3	1.1	0.0
Agua10NaCl	1000.0	QGSP_BERT_HP	51.57	30.91	8.54	31.96	66.69	0.23	1.12	0.0
Agua10NaCl	0.001	QGSP_BERT_HP_NoThermal	25.3	17.72	8.73	27.59	71.11	0.2	1.11	0.0
Agua10NaCl	0.0025	QGSP_BERT_HP_NoThermal	29.43	18.58	8.59	28.61	69.96	0.31	1.05	0.07
Agua10NaCl	0.005	QGSP_BERT_HP_NoThermal	33.24	20.35	8.09	29.09	69.58	0.36	0.96	0.0
Agua10NaCl	0.007	QGSP_BERT_HP_NoThermal	35.04	21.09	8.38	29.2	69.58	0.11	1.08	0.03
Agua10NaCl	0.01	QGSP_BERT_HP_NoThermal	37.02	22.85	8.37	30.61	68.04	0.27	1.08	0.0
Agua10NaCl	0.025	QGSP_BERT_HP_NoThermal	42.19	24.99	8.29	30.29	68.36	0.21	1.14	0.0
Agua10NaCl	0.05	QGSP_BERT_HP_NoThermal	45.67	27.16	8.32	31.16	67.46	0.26	1.12	0.0
Agua10NaCl	0.08	QGSP_BERT_HP_NoThermal	47.16	27.79	8.2	31.81	66.77	0.25	1.17	0.0
Agua10NaCl	0.1	QGSP_BERT_HP_NoThermal	47.84	28.29	8.61	29.93	69.0	0.1	0.96	0.0
Agua10NaCl	0.3	QGSP_BERT_HP_NoThermal	49.7	29.47	8.5	31.77	66.6	0.14	1.49	0.0
Agua10NaCl	0.5	QGSP_BERT_HP_NoThermal	49.37	29.37	8.36	31.13	67.63	0.3	0.93	0.0
Agua10NaCl	0.7	QGSP_BERT_HP_NoThermal	50.05	30.22	8.28	31.81	66.79	0.22	1.18	0.0
Agua10NaCl	1.0	QGSP_BERT_HP_NoThermal	49.76	29.15	8.47	30.69	68.09	0.24	0.96	0.02
Agua10NaCl	10.0	QGSP_BERT_HP_NoThermal	48.41	28.88	8.38	32.6	66.0	0.14	1.26	0.0
Agua10NaCl	100.0	QGSP_BERT_HP_NoThermal	47.5	28.81	8.15	32.72	66.06	0.17	1.01	0.04
Agua10NaCl	1000.0	QGSP_BERT_HP_NoThermal	45.54	27.78	8.5	31.38	67.3	0.15	1.12	0.04
