energia_eV	fisica	eficiencia_Q1_pct	eficiencia_Q1_err_pct	eficiencia_Q3_pct	senal_tras_captura_agua_pct	senal_tras_captura_estructura_pct	carga_media_detectados_pe	carga_media_captura_agua_pe	carga_media_captura_estructura_pe	gammas_interactuan_agua_pct	gammas_salen_tapa_pct	gammas_salen_lateral_pct	gammas_absorbidos_agua_pct	gammas_absorbidos_estructura_pct
0.001	QGSP_BERT_HP	15.11	0.36	11.45	54.57	40.18	8.71	8.42	9.61	50.30	60.40	19.41	17.62	2.57
0.001	QGSP_BERT_HP_NoThermal	17.72	0.38	12.93	55.77	42.37	8.73	8.52	9.54	56.88	56.30	21.06	19.77	2.87
0.0025	QGSP_BERT_HP	15.00	0.36	10.82	53.41	39.70	8.32	8.17	9.11	53.80	57.45	19.76	20.06	2.74
0.0025	QGSP_BERT_HP_NoThermal	18.58	0.39	13.80	55.15	40.03	8.59	8.52	9.13	55.34	52.97	25.42	19.00	2.61
0.005	QGSP_BERT_HP	15.20	0.36	11.09	54.88	42.09	8.45	8.37	8.81	52.42	61.33	20.24	16.62	1.81
0.005	QGSP_BERT_HP_NoThermal	20.35	0.40	14.50	55.66	42.11	8.09	8.02	8.80	54.81	55.43	23.37	19.44	1.76
0.007	QGSP_BERT_HP	15.83	0.37	11.53	55.74	36.59	8.20	8.08	9.32	54.41	58.34	20.49	19.13	2.04
0.007	QGSP_BERT_HP_NoThermal	21.09	0.41	15.90	55.76	38.18	8.38	8.43	7.79	53.76	58.16	22.68	16.81	2.35
0.01	QGSP_BERT_HP	16.01	0.37	11.86	56.34	39.69	8.34	8.26	9.11	55.26	55.53	22.10	19.81	2.56
0.01	QGSP_BERT_HP_NoThermal	22.85	0.42	16.48	57.37	41.28	8.37	8.27	9.74	57.72	55.87	20.65	20.83	2.65
0.025	QGSP_BERT_HP	18.38	0.39	13.22	56.12	32.28	7.89	7.88	8.04	55.41	57.76	19.59	20.20	2.35
0.025	QGSP_BERT_HP_NoThermal	24.99	0.43	18.11	57.03	38.46	8.29	8.27	9.13	57.12	54.15	22.69	19.64	3.52
0.05	QGSP_BERT_HP	20.71	0.41	14.78	55.96	45.41	7.94	7.88	9.24	58.32	56.47	20.15	20.24	3.05
0.05	QGSP_BERT_HP_NoThermal	27.16	0.44	20.17	57.67	39.13	8.32	8.30	8.81	56.50	55.24	22.56	20.10	2.11
0.08	QGSP_BERT_HP	21.27	0.41	15.50	56.21	36.77	8.34	8.29	10.18	55.14	54.96	23.15	19.39	2.41
0.08	QGSP_BERT_HP_NoThermal	27.79	0.45	19.86	57.17	40.00	8.20	8.18	8.99	57.87	54.33	22.07	21.13	2.47
0.1	QGSP_BERT_HP	22.68	0.42	16.44	56.70	40.80	8.24	8.23	8.49	57.77	56.94	23.06	17.60	2.40
0.1	QGSP_BERT_HP_NoThermal	28.29	0.45	20.95	57.76	36.57	8.61	8.62	7.70	58.38	53.56	22.49	21.65	2.30
0.3	QGSP_BERT_HP	26.05	0.44	18.69	57.11	35.77	8.50	8.47	9.65	56.27	54.69	22.48	20.77	1.99
0.3	QGSP_BERT_HP_NoThermal	29.47	0.46	21.70	58.13	38.62	8.50	8.46	10.07	58.20	54.53	24.07	18.37	2.98
0.5	QGSP_BERT_HP	27.59	0.45	19.73	57.20	42.48	8.18	8.15	9.67	56.79	56.13	22.60	19.04	2.17
0.5	QGSP_BERT_HP_NoThermal	29.37	0.46	21.21	58.40	40.60	8.36	8.34	8.94	58.17	54.98	22.77	20.17	2.02
0.7	QGSP_BERT_HP	28.94	0.45	20.36	57.51	37.80	7.97	7.97	7.83	58.74	53.21	22.06	21.68	3.05
0.7	QGSP_BERT_HP_NoThermal	30.22	0.46	22.49	59.20	50.86	8.28	8.27	8.83	60.36	53.52	23.68	20.41	2.39
1	QGSP_BERT_HP	29.50	0.46	21.26	58.00	38.95	8.35	8.31	10.97	58.33	54.39	22.77	19.97	2.80
1	QGSP_BERT_HP_NoThermal	29.15	0.45	21.30	57.80	33.93	8.47	8.45	9.79	58.81	52.85	25.08	19.52	2.55
10	QGSP_BERT_HP	32.06	0.47	23.19	58.17	41.94	8.33	8.33	8.38	58.48	53.89	23.34	20.27	2.44
10	QGSP_BERT_HP_NoThermal	28.88	0.45	21.03	58.95	37.78	8.38	8.36	9.53	58.81	52.41	23.76	21.23	2.53
100	QGSP_BERT_HP	31.83	0.47	22.72	59.10	44.44	8.20	8.18	10.50	61.16	52.51	23.29	21.84	2.36
100	QGSP_BERT_HP_NoThermal	28.81	0.45	20.50	59.96	43.42	8.15	8.12	10.61	63.64	50.00	24.77	21.69	3.54
1000	QGSP_BERT_HP	30.91	0.46	22.39	59.57	44.19	8.54	8.55	6.95	59.28	53.03	22.57	21.42	2.85
1000	QGSP_BERT_HP_NoThermal	27.78	0.45	20.16	60.34	45.45	8.50	8.52	6.93	62.70	51.43	25.75	20.64	2.17
