energia	medio	filas_total	filas_tanque	filas_tanque_estricto	filas_exterior	trazas_e-	trazas_e+	trazas_tanque_e-	trazas_tanque_e+	trazas_sobre_umbral_e-	trazas_sobre_umbral_e+	trazas_emisoras_e-	trazas_emisoras_e+	eIoni_total	eIoni_tanque	eIoni_tanque_estricto	eIoni_exterior	Cerenkov_total	Cerenkov_tanque	Cerenkov_tanque_estricto	Cerenkov_exterior	Scintillation_total	Scintillation_tanque	Scintillation_tanque_estricto	Scintillation_exterior	msc_total	msc_tanque	msc_tanque_estricto	msc_exterior	eBrem_total	eBrem_tanque	eBrem_tanque_estricto	eBrem_exterior	Transportation_total	Transportation_tanque	Transportation_tanque_estricto	Transportation_exterior	annihil_total	annihil_tanque	annihil_tanque_estricto	annihil_exterior	E_inicial_media_e-	E_inicial_media_e+	longitud_tanque_mm	longitud_sobre_umbral_mm	Cerenkov_ventana_tesis	Cerenkov_ventana_pyrex	Cerenkov_bajo_umbral_agua	Cerenkov_pico_MeV	eIoni_E_no_nula_media
1meV	Agua-pura	361164	268148	267747	93016	118576	151	91066	151	14619	106	15954	127	168849	104424	104415	64425	68741	68741	68740	0	118543	91050	91041	27493	2980	2332	2132	648	1361	1329	1329	32	687	269	87	418	3	3	3	0	0.11952136930660241	0.3111091344370859	31565.8	26404.0	40753	1039	10957	0.2641	0.7141310816450417
1meV	Agua+2.5NaCl	738852	586213	584083	152639	237241	847	192778	839	29669	759	33366	766	324988	219507	219435	105481	161962	161962	161906	0	237545	193012	192940	44533	8156	6722	5415	1434	4147	4092	4091	55	1998	862	240	1136	56	56	56	0	0.17257676687279253	1.9311909439809296	118651.2	107821.8	87631	1951	22335	0.26406	0.8372905088864602
1meV	Agua+5NaCl	967464	779448	776021	188016	308013	1280	253790	1262	39019	1166	44229	1174	418435	288428	288335	130007	219789	219789	219636	0	308516	254167	254074	54349	11779	9807	7652	1972	6003	5914	5911	89	2864	1268	338	1596	78	75	75	3	0.18346508286699273	2.0816692625990503	168356.0	155036.7	117317	2397	29424	0.26406	0.8559565577620797
1meV	Agua+10NaCl	1332963	1075814	1071090	257149	420453	2064	346821	2041	53335	1903	60670	1908	572713	394696	394546	178017	308070	308070	307946	0	421446	347530	347387	73916	17433	14661	11728	2772	8981	8862	8858	119	4217	1893	523	2324	103	102	102	1	0.19289555539670025	2.0553659980891728	247954.4	228600.0	162506	3143	40573	0.26406	0.8709647217641754
2.5meV	Agua-pura	395631	307750	307387	87881	130393	150	104494	148	16782	108	18276	125	180949	119956	119944	60993	79091	79091	79086	0	130333	104459	104447	25874	3011	2459	2307	552	1554	1530	1529	24	686	248	67	438	7	7	7	0	0.1209211538692173	0.3127080946621621	34926.5	29469.7	46847	1233	12522	0.26406	0.7156213007512835
2.5meV	Agua+2.5NaCl	812908	662343	660641	150565	261640	969	218043	964	33532	872	37632	887	353096	248571	248525	104525	183428	183428	183363	0	262031	218385	218339	43646	7533	6340	5372	1193	4765	4693	4692	72	1995	866	290	1129	60	60	60	0	0.17292625545579962	1.9242912727178427	133379.1	121747.0	99164	2162	25152	0.26406	0.8329503762385325
2.5meV	Agua+5NaCl	1098949	897692	894985	201257	350442	1467	292709	1453	44761	1347	50652	1359	472964	333090	333034	139874	254110	254110	254014	0	351073	293197	293140	57876	10729	9051	7507	1678	6930	6849	6849	81	3071	1323	369	1748	72	72	72	0	0.1844447849429526	2.047156871438405	196715.4	181126.7	135492	2956	33929	0.26406	0.8636379871646254
2.5meV	Agua+10NaCl	1515940	1237499	1233317	278441	480084	2335	400407	2311	61314	2150	69538	2153	649249	455710	455594	193539	353916	353916	353757	0	481150	401242	401130	79908	16681	14354	11953	2327	10260	10118	10111	142	4540	2015	628	2525	144	144	144	0	0.1918818869525973	2.123855948680218	287631.7	264532.4	185938	3771	46534	0.26406	0.870297786398746
5meV	Agua-pura	433743	345877	345373	87866	143404	191	117526	189	18802	139	20491	158	195734	134646	134636	61088	89042	89042	89040	0	143357	117519	117509	25838	3075	2639	2378	436	1736	1713	1712	23	796	315	95	481	3	3	3	0	0.11893545615706291	0.3109735502645502	39523.0	33218.0	52995	1385	13978	0.26406	0.7104781671416889
5meV	Agua+2.5NaCl	924231	754358	752524	169873	298174	1108	248971	1092	37818	997	42557	1011	401846	283445	283393	118401	208431	208431	208381	0	298593	249353	249301	49240	7570	6711	5708	859	5418	5353	5351	65	2300	993	318	1307	73	72	72	1	0.17004289926672445	1.940532333333331	150171.3	136326.4	113091	2612	28856	0.26406	0.8312743610387102
5meV	Agua+5NaCl	1207116	995248	992831	211868	385772	1686	324746	1666	49580	1546	56153	1563	517010	369670	369622	147340	281938	281938	281857	0	386494	325359	325313	61135	10628	9148	7853	1480	7746	7651	7643	95	3193	1375	436	1818	107	107	107	0	0.18347893025683729	2.091892551620653	216636.3	198524.2	150017	3261	37789	0.26406	0.8604492721937533
5meV	Agua+10NaCl	1661877	1382055	1378025	279822	528439	2566	448285	2548	68304	2350	77837	2357	704651	509881	509781	194770	395144	395144	395044	0	529606	449346	449247	80260	16295	14243	11892	2052	11406	11249	11247	157	4604	2023	645	2581	171	169	169	2	0.1908965337176593	2.0758749631083204	315353.5	290623.3	208047	4531	52632	0.26406	0.8737936830865323
7meV	Agua-pura	461172	369320	368738	91852	152721	150	125817	148	20014	109	21849	124	208045	144047	144031	63998	94371	94371	94367	0	152618	125750	125735	26868	3458	3024	2727	434	1800	1773	1773	27	874	349	99	525	6	6	6	0	0.11903836916680549	0.3549918506756758	41059.8	34663.8	56187	1429	14871	0.26406	0.715229799811577
7meV	Agua+2.5NaCl	975875	807359	805559	168516	314708	1157	265860	1140	40566	1043	45690	1070	419836	302779	302745	117057	224250	224250	224190	0	315121	266273	266240	48848	8230	7111	6138	1119	5946	5872	5867	74	2439	1022	327	1417	53	52	52	1	0.17202267629724202	1.9672484631578957	160057.8	146201.8	121764	2863	30727	0.26406	0.8404078296367845
7meV	Agua+5NaCl	1281583	1058389	1055951	223194	410584	1662	346173	1648	52810	1546	59766	1547	549016	393511	393439	155505	298819	298819	298735	0	411232	346753	346684	64479	11031	9774	8497	1257	8062	7954	7951	108	3310	1465	532	1845	113	113	113	0	0.18178567524972683	2.0943830716019436	228385.8	210069.2	159548	3404	40038	0.26406	0.860264025020046
7meV	Agua+10NaCl	1752799	1460229	1456303	292570	557345	2748	473272	2716	72365	2508	82379	2530	742430	538910	538805	203520	418508	418508	418353	0	558603	474422	474323	84181	16129	14122	11991	2007	12081	11942	11937	139	4880	2160	729	2720	168	165	165	3	0.19263981299511423	2.0732176237113475	337661.5	311825.4	219569	4435	55196	0.2641	0.8720239311511221
10meV	Agua-pura	482782	394707	394171	88075	160126	238	134300	237	21242	177	23242	200	215325	154031	154018	61294	100746	100746	100726	0	160114	134301	134288	25813	3888	3470	3223	418	1822	1797	1797	25	882	357	114	525	5	5	5	0	0.11895449328626233	0.3908555324894516	45926.6	38497.5	59850	1565	16057	0.26406	0.7153803740110207
10meV	Agua+2.5NaCl	1008764	840616	838923	168148	325333	1195	276505	1189	42553	1079	48015	1093	432303	315336	315285	116967	234561	234561	234524	0	325795	276939	276888	48856	7565	6640	5753	925	6081	6012	6010	69	2374	1043	378	1331	85	85	85	0	0.1743562230569039	1.9802078451639986	171316.1	156750.1	126831	2719	32339	0.26406	0.8399087644199104
10meV	Agua+5NaCl	1334703	1116839	1114367	217864	428272	1872	365445	1853	55568	1701	63145	1722	567480	415780	415723	151700	315804	315804	315725	0	429128	366241	366186	62887	10310	9006	7660	1304	8574	8470	8467	104	3289	1422	490	1867	118	116	116	2	0.18239661795554488	2.0524112984889338	242802.9	222215.3	168324	3655	42542	0.26406	0.8558195038988722
10meV	Agua+10NaCl	1834064	1522802	1519073	311262	584080	2759	494551	2732	75421	2560	86067	2563	779028	562237	562133	216791	435720	435720	435597	0	585297	495662	495560	89635	16045	14198	12264	1847	12711	12555	12546	156	5094	2263	806	2831	169	167	167	2	0.1910121397051323	2.1289506293631058	350867.6	323627.8	229296	4954	58179	0.26406	0.8759046372043101
25meV	Agua-pura	549268	457402	456824	91866	182587	241	155757	239	24743	186	27042	203	243040	178874	178861	64166	116782	116782	116752	0	182529	155739	155726	26790	3685	3368	3113	317	2282	2253	2253	29	941	377	110	564	9	9	9	0	0.12020082416905832	0.322899275334728	52305.4	44186.7	68930	1906	18782	0.26406	0.7147488431026507
25meV	Agua+2.5NaCl	1133837	957482	955750	176355	367779	1344	316676	1334	48248	1203	54475	1231	483659	360909	360879	122750	264061	264061	264022	0	368293	317219	317192	51074	8366	7393	6486	973	6787	6700	6697	87	2599	1128	402	1471	72	72	72	0	0.1696781211552951	1.9487755643178373	187924.2	171009.7	143313	3170	36713	0.26406	0.83077004886399
25meV	Agua+5NaCl	1522305	1290630	1288223	231675	490814	2133	423972	2112	63942	1932	72561	1953	644047	482465	482407	161582	362164	362164	362068	0	491775	424985	424931	66790	10630	9493	8304	1137	9944	9835	9830	109	3615	1558	553	2057	130	130	130	0	0.180770352047667	2.071428718134468	279736.1	256820.7	192731	3966	48683	0.26406	0.8594645866440761
25meV	Agua+10NaCl	2026931	1714543	1711082	312388	647888	3120	557925	3098	84836	2888	96859	2905	852680	634841	634775	217839	490618	490618	490489	0	649387	559352	559287	90035	14668	13206	11479	1462	14271	14117	14110	154	5119	2222	755	2897	188	187	187	1	0.19100042404147702	2.084062132989028	393368.2	363893.8	256946	5510	65425	0.2641	0.8768629841852639
50meV	Agua-pura	596597	504692	504041	91905	198988	248	172186	247	27265	176	29724	207	261723	197534	197515	64189	128447	128447	128428	0	198930	172181	172161	26749	4000	3646	3326	354	2524	2485	2484	39	971	397	125	574	2	2	2	0	0.11909735101569294	0.3095019199757084	57866.5	48831.6	76277	1893	20223	0.26406	0.7157430622148292
50meV	Agua+2.5NaCl	1216016	1036127	1034345	179889	395079	1455	342994	1447	52100	1311	58616	1339	516053	390765	390728	125288	285577	285577	285540	0	395695	343620	343584	52075	8822	7874	6939	948	7109	7019	7017	90	2678	1192	457	1486	82	80	80	2	0.16850739883359028	1.9306465842017981	204238.5	185222.3	154851	3659	39814	0.26406	0.8275509597337408
50meV	Agua+5NaCl	1644775	1397961	1395557	246814	531495	2204	460232	2188	69441	2009	78702	2013	695212	523159	523096	172053	391409	391409	391317	0	532438	461165	461103	71273	10964	9751	8628	1213	10768	10654	10649	114	3838	1677	618	2161	146	146	146	0	0.17914760208420005	2.0493775911791596	297089.9	272536.4	208870	4372	52614	0.26406	0.8529608123496718
50meV	Agua+10NaCl	2193156	1858681	1855003	334475	701513	3425	605199	3394	91837	3135	104793	3158	922392	689028	688953	233364	530789	530789	530649	0	703081	606772	606699	96309	15532	14137	12344	1395	15441	15247	15243	194	5710	2500	907	3210	211	208	208	3	0.19032507689945055	2.0888849969416636	426676.7	393995.1	278647	5749	70255	0.26406	0.8728464602426679
80meV	Agua-pura	632349	531902	531288	100447	210758	255	181455	255	28605	194	31221	228	278305	208140	208128	70165	135740	135740	135728	0	210686	181417	181406	29269	3841	3514	3235	327	2709	2658	2658	51	1062	427	127	635	6	6	6	0	0.11840767472514495	0.35113375529411767	59961.7	49683.2	80821	2144	21334	0.26406	0.7132742742880588
80meV	Agua+2.5NaCl	1278663	1088993	1087209	189670	415131	1534	360261	1515	54763	1382	61780	1422	542771	410374	410333	132397	301201	301201	301090	0	415745	360906	360867	54839	8230	7476	6643	754	7810	7714	7711	96	2820	1236	479	1584	86	86	86	0	0.169416481235405	1.9418729807260704	213006.0	193944.5	163626	3665	41392	0.26406	0.8303728662554367
80meV	Agua+5NaCl	1685776	1439310	1436957	246466	544598	2329	473523	2309	71463	2126	81101	2156	710822	538788	538726	172034	402969	402969	402910	0	545610	474586	474530	71024	11190	10165	9069	1025	11020	10898	10896	122	4027	1767	689	2260	138	137	137	1	0.1796114384409806	2.085264527613685	307585.0	281661.2	214365	4829	54728	0.26406	0.8543577195413087
80meV	Agua+10NaCl	2258483	1939776	1936066	318707	723998	3604	632090	3568	95506	3312	108927	3342	940927	719072	718989	221855	553361	553361	553242	0	725764	633887	633807	91877	16500	14893	13031	1607	16077	15893	15889	184	5635	2458	896	3177	219	212	212	7	0.18868259442142235	2.1156684353643502	441051.1	408447.1	290288	6471	73873	0.26406	0.8711522353630828
100meV	Agua-pura	634297	536042	535354	98255	211316	286	182695	286	29005	212	31630	247	278111	209545	209524	68566	136638	136638	136634	0	211264	182683	182662	28581	4400	3997	3668	403	2736	2694	2694	42	1144	481	168	663	4	4	4	0	0.11883441998336865	0.35440192517482527	61532.8	51026.0	81179	2221	21785	0.26406	0.7129100479831542
100meV	Agua+2.5NaCl	1319939	1121795	1119872	198144	428015	1607	370870	1595	56477	1454	63566	1475	560928	422483	422441	138445	310506	310506	310438	0	428664	371520	371480	57144	8771	7974	7023	797	7984	7895	7893	89	2992	1324	504	1668	94	93	93	1	0.16911043416779134	1.9346638091536021	221688.7	200801.0	168754	3781	42886	0.26406	0.8299858982585261
100meV	Agua+5NaCl	1712789	1466674	1464444	246115	553606	2398	482573	2377	72304	2192	82028	2210	721414	549568	549511	171846	410660	410660	410596	0	554716	483694	483640	71022	10746	9819	8804	927	11256	11129	11126	127	3853	1660	624	2193	144	144	143	0	0.17948113996108409	2.0559135014303735	314269.5	288144.9	218722	4750	55354	0.26406	0.8547894859754206
100meV	Agua+10NaCl	2294378	1962194	1959086	332184	736146	3586	640201	3551	96857	3276	110417	3298	960632	728918	728838	231714	559281	559281	559205	0	737795	641915	641841	95880	14756	13580	12226	1176	15952	15770	15765	182	5733	2502	983	3231	229	228	228	1	0.18944394777813256	2.0931359833568037	448204.0	413372.2	293151	6251	74475	0.26406	0.8648356062422401
300meV	Agua-pura	668913	571090	570466	97823	223345	335	194927	330	30702	228	33724	279	291971	223490	223480	68481	145402	145402	145370	0	223363	194967	194958	28396	4284	3977	3695	307	2830	2803	2801	27	1058	446	157	612	5	5	5	0	0.11796885294364579	0.29302604909090907	64355.1	53742.3	85750	2654	23610	0.26406	0.7109202577817006
300meV	Agua+2.5NaCl	1377099	1182097	1180460	195002	449159	1626	392692	1604	59251	1447	66871	1478	582793	446742	446706	136051	324713	324713	324645	0	449824	393398	393365	56426	8473	7696	6987	777	8303	8210	8204	93	2905	1250	465	1655	88	88	88	0	0.16799991795821964	1.8600232908541168	230750.5	209421.3	175733	4078	45287	0.26406	0.826483662626203
300meV	Agua+5NaCl	1793270	1546897	1544349	246373	579428	2469	508602	2441	76665	2226	87041	2262	750921	578909	578846	172012	433807	433807	433704	0	580533	509725	509666	70808	12039	10899	9667	1140	11748	11607	11606	141	4048	1781	691	2267	174	169	169	5	0.1804588218755254	1.985981168250718	331560.1	304285.5	230389	5357	59220	0.26406	0.8549367703715814
300meV	Agua+10NaCl	2382497	2043888	2040474	338609	764996	3653	667271	3619	100911	3341	115141	3378	995729	759381	759312	236348	582479	582479	582382	0	766757	669084	669018	97673	14865	13596	11916	1269	16838	16673	16670	165	5617	2467	968	3150	212	208	208	4	0.1894044011001003	2.119157997206683	464521.9	430097.7	305444	6471	77695	0.26406	0.8796970700300905
500meV	Agua-pura	686846	587188	586408	99658	228772	279	199969	276	31772	209	34809	239	299302	229571	229546	69731	150272	150272	150238	0	228722	199952	199927	28770	4466	4018	3640	448	2966	2919	2919	47	1114	452	134	662	4	4	4	0	0.11877273078984249	0.31906776159420297	65939.3	55027.1	89043	2627	24178	0.26406	0.7121030438441326
500meV	Agua+2.5NaCl	1399496	1196262	1194610	203234	455359	1692	396601	1678	60005	1509	67554	1549	593841	451954	451930	141887	329479	329479	329414	0	456067	397322	397300	58745	8630	7835	7114	795	8356	8251	8247	105	3027	1325	509	1702	96	96	96	0	0.1682513940159313	1.8585485923063176	235542.6	213855.7	178563	4237	45801	0.26406	0.8283799879164734
500meV	Agua+5NaCl	1836379	1579291	1576801	257088	594761	2601	520603	2574	78024	2375	88520	2396	771697	592424	592361	179273	440889	440889	440800	0	595958	521809	521749	74149	11524	10370	9225	1154	11987	11848	11844	139	4154	1781	652	2373	170	170	170	0	0.177656183984955	2.0480341997669007	333034.0	304757.8	235085	5303	59839	0.26406	0.8530209018408187
500meV	Agua+10NaCl	2393300	2062887	2059705	330413	768226	3803	673196	3768	101721	3484	115797	3520	997630	766762	766685	230868	587724	587724	587621	0	770188	675154	675079	95034	15209	13975	12539	1234	16762	16594	16587	168	5574	2466	982	3108	213	212	212	1	0.1877898704618442	2.135006072282381	469856.7	432888.6	308882	6488	78040	0.2641	0.8723366008631313
700meV	Agua-pura	688021	586320	585579	101701	228971	295	199539	293	31733	210	34598	248	300041	228919	228899	71122	150181	150181	150171	0	228964	199498	199478	29466	4718	4295	3956	423	2967	2925	2924	42	1147	499	148	648	3	3	3	0	0.1191792558971424	0.3067047112627986	66371.7	55491.7	89302	2355	23658	0.26406	0.7134519374303319
700meV	Agua+2.5NaCl	1405661	1206972	1205032	198689	457721	1700	400279	1687	60636	1519	68451	1552	594233	455845	455798	138388	332390	332390	332324	0	458407	400983	400938	57424	9024	8074	7176	950	8353	8250	8243	103	3155	1332	455	1823	99	98	98	1	0.1677251218544312	1.8872355899822169	234235.8	212542.3	180896	4155	46284	0.26406	0.8266807459156179
700meV	Agua+5NaCl	1819391	1564374	1562084	255017	589162	2511	515770	2483	77332	2274	87603	2305	764868	586724	586671	178144	437120	437120	437050	0	590328	516999	516949	73329	11093	10013	8955	1080	11821	11663	11660	158	4022	1721	665	2301	139	134	134	5	0.178211244890896	2.0032417994764353	333679.0	305978.4	232589	5419	59351	0.26406	0.8473341264869421
700meV	Agua+10NaCl	2405729	2068630	2065225	337099	774000	3658	676615	3628	101827	3346	116248	3375	1004192	769143	769055	235049	587211	587211	587081	0	775712	678383	678299	97329	15717	14388	12795	1329	16956	16758	16754	198	5696	2504	998	3192	245	243	243	2	0.1878200379239281	2.0958425666620744	467509.7	432179.0	307223	6820	78683	0.26406	0.8702332862484647
1000meV	Agua-pura	694686	597207	596515	97479	232120	263	203751	259	32078	191	35066	221	302018	233786	233776	68232	151926	151926	151900	0	232059	203721	203711	28338	4643	4381	4038	262	2956	2923	2920	33	1078	464	164	614	6	6	6	0	0.11851035372612105	0.31595137293436304	67663.3	56756.1	90012	2886	24632	0.26406	0.7144337221138081
1000meV	Agua+2.5NaCl	1392643	1206267	1204760	186376	454897	1643	401072	1625	60086	1447	67807	1498	586484	456530	456494	129954	330591	330591	330520	0	455611	401803	401768	53808	8471	7540	6908	931	8509	8418	8415	91	2882	1290	560	1592	95	95	95	0	0.16741899153264359	1.8926433290461564	237101.0	215411.9	178773	4421	46090	0.26406	0.8317024845520434
1000meV	Agua+5NaCl	1840111	1595266	1592982	244845	596811	2549	525894	2525	78436	2304	88952	2341	768685	598084	598031	170601	446108	446108	446025	0	597993	527133	527083	70860	11165	10225	9197	940	11925	11792	11789	133	4087	1777	710	2310	148	147	147	1	0.17891092322677327	1.9874528184950515	340909.6	312978.1	237791	5364	60147	0.26406	0.8513003821944869
1000meV	Agua+10NaCl	2414418	2083841	2080564	330577	776682	3780	681442	3758	102179	3498	116484	3506	1006442	775697	775607	230745	591506	591506	591381	0	778568	683354	683269	95214	14838	13546	12096	1292	17195	17026	17019	169	5603	2447	927	3156	266	265	265	1	0.18835563644686407	2.1167655481905325	472952.0	437212.5	309240	6759	79091	0.26406	0.872356049062493
10000meV	Agua-pura	683418	593921	593303	89497	228917	292	203036	291	31749	210	34750	250	295680	232912	232893	62768	150410	150410	150400	0	228895	203038	203019	25857	4484	4245	3972	239	2901	2862	2860	39	1041	447	152	594	7	7	7	0	0.1178461281074635	0.31594967271477686	69370.1	57872.0	89245	2454	23888	0.26406	0.714082080809091
10000meV	Agua+2.5NaCl	1414379	1226914	1225295	187465	463184	1668	409042	1651	61005	1506	68893	1520	596482	465690	465654	130792	333480	333480	333420	0	463883	409778	409744	54105	8645	7844	7151	801	8814	8723	8716	91	2982	1307	518	1675	93	92	92	1	0.1663853736777327	1.982136456935191	240686.9	218826.2	179512	4353	46952	0.26406	0.8287933945059632
10000meV	Agua+5NaCl	1847274	1605362	1603453	241912	600715	2599	530833	2586	78943	2362	89693	2406	772407	603346	603294	169061	446645	446645	446557	0	601999	532137	532086	69862	10080	9371	8662	709	12113	11993	11992	120	3872	1713	706	2159	158	157	156	1	0.17709596130313904	2.0465306441106	340551.7	312216.3	236971	5648	61276	0.26406	0.8520527566107371
10000meV	Agua+10NaCl	2397197	2090513	2087516	306684	772573	3758	684106	3725	102666	3469	116999	3507	992795	778659	778590	214136	593105	593105	592989	0	774581	686162	686096	88419	14287	13213	11819	1074	17078	16902	16898	176	5134	2255	907	2879	217	217	217	0	0.18640541445591033	2.1067809831624182	470772.2	434786.9	310984	7150	79368	0.26406	0.8728178897047341
100000meV	Agua-pura	681312	594556	593879	86756	228461	314	203309	309	31710	231	34827	264	293653	232995	232984	60658	150926	150926	150906	0	228467	203346	203335	25121	4241	3883	3527	358	3002	2978	2977	24	1018	423	145	595	5	5	5	0	0.1168746809335249	0.31654427734627827	65791.4	54881.1	89699	2542	23982	0.26406	0.7119751574959727
100000meV	Agua+2.5NaCl	1369615	1196134	1194759	173481	448698	1701	398666	1691	59553	1547	67217	1570	575415	454092	454059	121323	326001	326001	325962	0	449480	399503	399473	49977	7607	7029	6438	578	8297	8212	8211	85	2728	1211	530	1517	87	86	86	1	0.16576689101160155	1.9519542112950863	231174.2	210623.7	176202	4424	46213	0.26406	0.8290558568942061
100000meV	Agua+5NaCl	1816927	1580196	1578424	236731	591189	2600	523026	2586	77319	2392	87749	2416	760523	595007	594962	165516	438056	438056	438010	0	592504	524362	524323	68142	9858	9055	8380	803	11986	11853	11853	133	3854	1719	752	2135	146	144	144	2	0.1774577681272227	2.063843666341837	340573.7	313177.1	232065	5402	59922	0.26406	0.8543444572133646
100000meV	Agua+10NaCl	2348198	2048598	2045880	299600	758848	3701	672448	3671	99867	3387	113954	3426	973982	764775	764706	209207	578236	578236	578149	0	760751	674481	674415	86270	13026	11952	10756	1074	16846	16683	16678	163	5118	2232	937	2886	239	239	239	0	0.18526288377353886	2.085605930177068	456733.9	421462.1	303208	6957	77546	0.26406	0.8686233823705927
1000000meV	Agua-pura	680604	595375	594730	85229	228874	305	204385	305	31668	224	34648	255	293575	233687	233665	59888	150145	150145	150130	0	228885	204416	204394	24469	4140	3861	3538	279	2870	2835	2835	35	981	423	160	558	8	8	8	0	0.11517979909186088	0.30300003409836057	65475.0	55336.1	89030	2553	23989	0.26406	0.7148338807464043
1000000meV	Agua+2.5NaCl	1336078	1178202	1176912	157876	439083	1601	393422	1586	58275	1460	65866	1482	557823	447498	447464	110325	320891	320891	320817	0	439837	394244	394211	45593	6795	6302	5756	493	8197	8098	8093	99	2445	1079	481	1366	90	90	90	0	0.16535902246416215	1.9925888131147564	228620.8	208929.2	172947	4301	45066	0.26406	0.8315293613848761
1000000meV	Agua+5NaCl	1742623	1538377	1536477	204246	569648	2436	510710	2419	74738	2219	84934	2263	722367	579821	579771	142546	424909	424909	424867	0	570911	512032	511984	58879	9278	8474	7594	804	11567	11463	11463	104	3466	1553	673	1913	125	125	125	0	0.17515374098306924	2.0210915254526625	323455.1	297440.9	225330	5491	58182	0.26406	0.8536392289113333
1000000meV	Agua+10NaCl	2256404	1975261	1972813	281143	731551	3639	650562	3617	95441	3350	109018	3390	935794	739360	739300	196434	553169	553169	553076	0	733551	652590	652533	80961	12792	11858	10830	934	16023	15853	15849	170	4856	2213	1007	2643	219	218	218	1	0.18309179627500227	2.122687510837707	439782.3	406748.0	289177	6868	74606	0.26406	0.8720958173914136
