energia	medio	N	cap_dentro	cap_fuera	arriba	abajo	lateral	no_entra	inel_dentro	inel_fuera	otro	eta_cap	eta_refle	eta_trans	eta_otros
1meV	Agua-pura	100000	17138	280	76569	20	25	3589	107	2272	0	0.174180	0.765690	0.000450	0.059680
1meV	Agua+2.5NaCl	100000	20341	301	73295	18	14	3606	159	2266	0	0.206420	0.732950	0.000320	0.060310
1meV	Agua+5NaCl	100000	23142	295	70466	26	22	3677	191	2181	0	0.234370	0.704660	0.000480	0.060490
1meV	Agua+10NaCl	100000	27737	370	66012	17	21	3452	230	2161	0	0.281070	0.660120	0.000380	0.058430
2.5meV	Agua-pura	100000	19703	196	75842	13	30	2148	156	1912	0	0.198990	0.758420	0.000430	0.042160
2.5meV	Agua+2.5NaCl	100000	23150	220	72410	26	14	2101	157	1922	0	0.233700	0.724100	0.000400	0.041800
2.5meV	Agua+5NaCl	100000	26353	223	69147	19	18	2205	204	1831	0	0.265760	0.691470	0.000370	0.042400
2.5meV	Agua+10NaCl	100000	31999	288	63518	13	17	2143	260	1762	0	0.322870	0.635180	0.000300	0.041650
5meV	Agua-pura	100000	22059	170	74291	22	16	1506	185	1751	0	0.222290	0.742910	0.000380	0.034420
5meV	Agua+2.5NaCl	100000	26315	149	70177	31	24	1369	210	1725	0	0.264640	0.701770	0.000550	0.033040
5meV	Agua+5NaCl	100000	29548	167	66900	27	21	1495	250	1592	0	0.297150	0.669000	0.000480	0.033370
5meV	Agua+10NaCl	100000	35421	204	61053	20	16	1493	271	1522	0	0.356250	0.610530	0.000360	0.032860
7meV	Agua-pura	100000	23388	144	73267	18	24	1272	197	1690	0	0.235320	0.732670	0.000420	0.031590
7meV	Agua+2.5NaCl	100000	27675	198	68997	20	12	1299	215	1584	0	0.278730	0.689970	0.000320	0.030980
7meV	Agua+5NaCl	100000	31166	189	65651	20	20	1211	253	1490	0	0.313550	0.656510	0.000400	0.029540
7meV	Agua+10NaCl	100000	37199	216	59506	19	20	1285	305	1450	0	0.374150	0.595060	0.000390	0.030400
10meV	Agua-pura	100000	24883	138	72086	16	25	1136	206	1510	0	0.250210	0.720860	0.000410	0.028520
10meV	Agua+2.5NaCl	100000	29289	163	67689	20	27	1114	180	1518	0	0.294520	0.676890	0.000470	0.028120
10meV	Agua+5NaCl	100000	32831	160	64113	25	16	1091	269	1495	0	0.329910	0.641130	0.000410	0.028550
10meV	Agua+10NaCl	100000	39278	178	57766	6	16	1074	316	1366	0	0.394560	0.577660	0.000220	0.027560
25meV	Agua-pura	100000	28681	109	68782	28	15	768	274	1343	0	0.287900	0.687820	0.000430	0.023850
25meV	Agua+2.5NaCl	100000	33436	129	63988	15	17	805	285	1325	0	0.335650	0.639880	0.000320	0.024150
25meV	Agua+5NaCl	100000	37598	120	59890	10	21	798	312	1251	0	0.377180	0.598900	0.000310	0.023610
25meV	Agua+10NaCl	100000	43957	133	53655	13	13	764	373	1092	0	0.440900	0.536550	0.000260	0.022290
50meV	Agua-pura	100000	31211	109	66328	23	10	755	261	1303	0	0.313200	0.663280	0.000330	0.023190
50meV	Agua+2.5NaCl	100000	35999	99	61712	14	19	670	267	1220	0	0.360980	0.617120	0.000330	0.021570
50meV	Agua+5NaCl	100000	40664	105	57029	11	20	711	306	1154	0	0.407690	0.570290	0.000310	0.021710
50meV	Agua+10NaCl	100000	47126	117	50650	16	13	680	384	1014	0	0.472430	0.506500	0.000290	0.020780
80meV	Agua-pura	100000	32551	103	65130	21	21	609	282	1283	0	0.326540	0.651300	0.000420	0.021740
80meV	Agua+2.5NaCl	100000	37588	67	60250	14	20	639	324	1098	0	0.376550	0.602500	0.000340	0.020610
80meV	Agua+5NaCl	100000	41728	106	56157	16	13	591	352	1037	0	0.418340	0.561570	0.000290	0.019800
80meV	Agua+10NaCl	100000	48767	100	49165	16	11	631	383	927	0	0.488670	0.491650	0.000270	0.019410
100meV	Agua-pura	100000	33089	91	64589	13	14	638	330	1236	0	0.331800	0.645890	0.000270	0.022040
100meV	Agua+2.5NaCl	100000	38497	85	59345	21	19	617	299	1117	0	0.385820	0.593450	0.000400	0.020330
100meV	Agua+5NaCl	100000	42309	103	55534	12	15	623	395	1009	0	0.424120	0.555340	0.000270	0.020270
100meV	Agua+10NaCl	100000	49505	75	48445	15	12	622	409	917	0	0.495800	0.484450	0.000270	0.019480
300meV	Agua-pura	100000	34713	77	63195	20	21	557	340	1077	0	0.347900	0.631950	0.000410	0.019740
300meV	Agua+2.5NaCl	100000	40357	83	57675	10	27	566	338	944	0	0.404400	0.576750	0.000370	0.018480
300meV	Agua+5NaCl	100000	44126	72	53829	11	23	604	367	968	0	0.441980	0.538290	0.000340	0.019390
300meV	Agua+10NaCl	100000	51060	83	46970	11	15	585	448	828	0	0.511430	0.469700	0.000260	0.018610
500meV	Agua-pura	100000	35313	84	62595	16	23	548	374	1047	0	0.353970	0.625950	0.000390	0.019690
500meV	Agua+2.5NaCl	100000	40559	77	57338	17	32	567	394	1016	0	0.406360	0.573380	0.000490	0.019770
500meV	Agua+5NaCl	100000	44824	87	53265	17	17	545	383	862	0	0.449110	0.532650	0.000340	0.017900
500meV	Agua+10NaCl	100000	51419	71	46649	11	11	578	505	756	0	0.514900	0.466490	0.000220	0.018390
700meV	Agua-pura	100000	35385	78	62430	25	27	578	356	1121	0	0.354630	0.624300	0.000520	0.020550
700meV	Agua+2.5NaCl	100000	40709	69	57278	18	14	540	413	959	0	0.407780	0.572780	0.000320	0.019120
700meV	Agua+5NaCl	100000	44677	88	53295	14	18	577	442	889	0	0.447650	0.532950	0.000320	0.019080
700meV	Agua+10NaCl	100000	51274	81	46844	10	12	538	499	742	0	0.513550	0.468440	0.000220	0.017790
1000meV	Agua-pura	100000	35805	76	62168	19	19	553	385	975	0	0.358810	0.621680	0.000380	0.019130
1000meV	Agua+2.5NaCl	100000	40725	97	57236	9	19	575	398	941	0	0.408220	0.572360	0.000280	0.019140
1000meV	Agua+5NaCl	100000	45033	72	53127	14	23	522	375	834	0	0.451050	0.531270	0.000370	0.017310
1000meV	Agua+10NaCl	100000	51303	75	46843	11	22	541	472	733	0	0.513780	0.468430	0.000330	0.017460
10000meV	Agua-pura	100000	35436	86	62607	20	29	504	485	833	0	0.355220	0.626070	0.000490	0.018220
10000meV	Agua+2.5NaCl	100000	40699	42	57442	14	23	496	446	838	0	0.407410	0.574420	0.000370	0.017800
10000meV	Agua+5NaCl	100000	44183	59	54045	20	13	497	445	738	0	0.442420	0.540450	0.000330	0.016800
10000meV	Agua+10NaCl	100000	50459	54	47856	18	14	497	453	649	0	0.505130	0.478560	0.000320	0.015990
100000meV	Agua-pura	100000	34730	54	63362	15	30	528	468	813	0	0.347840	0.633620	0.000450	0.018090
100000meV	Agua+2.5NaCl	100000	39510	41	58779	9	23	492	444	702	0	0.395510	0.587790	0.000320	0.016380
100000meV	Agua+5NaCl	100000	43195	44	55136	15	25	491	484	610	0	0.432390	0.551360	0.000400	0.015850
100000meV	Agua+10NaCl	100000	48697	42	49686	12	10	486	510	557	0	0.487390	0.496860	0.000220	0.015530
1000000meV	Agua-pura	100000	33723	49	64560	23	19	448	580	598	0	0.337720	0.645600	0.000420	0.016260
1000000meV	Agua+2.5NaCl	100000	37537	33	60924	21	19	416	539	511	0	0.375700	0.609240	0.000400	0.014660
1000000meV	Agua+5NaCl	100000	40900	34	57610	16	22	421	577	420	0	0.409340	0.576100	0.000380	0.014180
1000000meV	Agua+10NaCl	100000	45379	34	53203	22	15	419	566	362	0	0.454130	0.532030	0.000370	0.013470
