energia	medio	historias	capturas	eta_cap	u_eta_cap	eta_refle	u_eta_refle	eta_trans	u_eta_trans	eta_otros	u_eta_otros	media_Transportation	media_hadElastic	media_neutronInelastic	cadenas_N	N_tesis_media	N_total_media	xi_colision_capturadas	xi_colision_todas	xi_historia_inicial_n	xi_historia_inicial_media	carga_eventos	carga_media_pe
1meV	Agua-pura	100000	17418	0.174180	0.001199	0.765690	0.001339	0.000450	0.000067	0.059680	0.000749	4.41313	17.05742	0.02379	17213	44.7803	44.6184	-0.065367	-0.185924	15811	-0.356323	8021	3.1955
1meV	Agua+2.5NaCl	100000	20642	0.206420	0.001280	0.732950	0.001399	0.000320	0.000057	0.060310	0.000753	4.31366	14.63820	0.02425	20423	34.1113	34.0280	-0.084347	-0.214515	18547	-0.415683	11027	7.6706
1meV	Agua+5NaCl	100000	23437	0.234370	0.001340	0.704660	0.001443	0.000480	0.000069	0.060490	0.000754	4.22537	12.77178	0.02372	23238	27.1016	27.0808	-0.103589	-0.243854	20755	-0.467071	13083	9.0082
1meV	Agua+10NaCl	100000	28107	0.281070	0.001422	0.660120	0.001498	0.000380	0.000062	0.058430	0.000742	4.08339	10.20967	0.02391	27857	18.6908	18.7078	-0.145918	-0.299683	24315	-0.540572	16384	10.4944
2.5meV	Agua-pura	100000	19899	0.198990	0.001263	0.758420	0.001354	0.000430	0.000066	0.042160	0.000635	4.37061	19.97752	0.02068	19727	46.9315	46.8228	-0.045251	-0.116581	18392	-0.240080	9350	3.2330
2.5meV	Agua+2.5NaCl	100000	23370	0.233700	0.001338	0.724100	0.001413	0.000400	0.000063	0.041800	0.000633	4.26200	16.87731	0.02079	23196	35.2561	35.2357	-0.059059	-0.136890	21396	-0.278179	12530	7.6117
2.5meV	Agua+5NaCl	100000	26576	0.265760	0.001397	0.691470	0.001461	0.000370	0.000061	0.042400	0.000637	4.16418	14.62041	0.02035	26402	27.9348	27.9433	-0.073234	-0.156165	24008	-0.314015	14982	9.2318
2.5meV	Agua+10NaCl	100000	32287	0.322870	0.001479	0.635180	0.001522	0.000300	0.000055	0.041650	0.000632	3.99016	11.67356	0.02022	32098	19.2944	19.3398	-0.101948	-0.191193	28467	-0.364084	19047	10.3989
5meV	Agua-pura	100000	22229	0.222290	0.001315	0.742910	0.001382	0.000380	0.000062	0.034420	0.000577	4.31251	22.35865	0.01936	22079	47.8278	47.8851	-0.031021	-0.075395	20733	-0.161902	10396	3.1723
5meV	Agua+2.5NaCl	100000	26464	0.264640	0.001395	0.701770	0.001447	0.000550	0.000074	0.033040	0.000565	4.18316	18.96801	0.01935	26338	36.0256	36.0467	-0.040895	-0.088214	24484	-0.180902	14132	7.6245
5meV	Agua+5NaCl	100000	29715	0.297150	0.001445	0.669000	0.001488	0.000480	0.000069	0.033370	0.000568	4.08165	16.39087	0.01842	29585	28.5984	28.6596	-0.050545	-0.100362	27156	-0.201852	16786	9.1188
5meV	Agua+10NaCl	100000	35625	0.356250	0.001514	0.610530	0.001542	0.000360	0.000060	0.032860	0.000564	3.90161	13.11217	0.01793	35473	19.9766	20.0297	-0.069889	-0.122553	32086	-0.241900	21183	10.5143
7meV	Agua-pura	100000	23532	0.235320	0.001341	0.732670	0.001400	0.000420	0.000065	0.031590	0.000553	4.27594	23.82641	0.01887	23404	49.0942	49.0841	-0.024154	-0.057640	22095	-0.120534	11103	3.1848
7meV	Agua+2.5NaCl	100000	27873	0.278730	0.001418	0.689970	0.001463	0.000320	0.000057	0.030980	0.000548	4.14342	20.22819	0.01799	27708	36.7733	36.8105	-0.031685	-0.066809	25915	-0.139881	15184	7.6382
7meV	Agua+5NaCl	100000	31355	0.313550	0.001467	0.656510	0.001502	0.000400	0.000063	0.029540	0.000535	4.03745	17.48305	0.01743	31210	29.2980	29.3735	-0.039124	-0.076169	28985	-0.152641	17793	8.9880
7meV	Agua+10NaCl	100000	37415	0.374150	0.001530	0.595060	0.001552	0.000390	0.000062	0.030400	0.000543	3.85120	13.77578	0.01755	37250	20.4936	20.5376	-0.054369	-0.093873	33902	-0.181411	22377	10.5066
10meV	Agua-pura	100000	25021	0.250210	0.001370	0.720860	0.001419	0.000410	0.000064	0.028520	0.000526	4.23306	25.36407	0.01716	24899	49.2270	49.3010	-0.017551	-0.041018	23609	-0.084190	11829	3.2014
10meV	Agua+2.5NaCl	100000	29452	0.294520	0.001441	0.676890	0.001479	0.000470	0.000069	0.028120	0.000523	4.09970	21.25128	0.01698	29303	37.3814	37.4230	-0.022586	-0.047770	27584	-0.093859	15948	7.6894
10meV	Agua+5NaCl	100000	32991	0.329910	0.001487	0.641130	0.001517	0.000410	0.000064	0.028550	0.000527	3.99284	18.44107	0.01764	32868	30.1111	30.1836	-0.027454	-0.054233	30650	-0.101902	18638	9.1675
10meV	Agua+10NaCl	100000	39456	0.394560	0.001546	0.577660	0.001562	0.000220	0.000047	0.027560	0.000518	3.78986	14.54204	0.01682	39319	20.9113	20.9654	-0.039067	-0.066897	36121	-0.126325	23417	10.3759
25meV	Agua-pura	100000	28790	0.287900	0.001432	0.687820	0.001465	0.000430	0.000066	0.023850	0.000483	4.12955	29.74314	0.01617	28683	52.1541	52.2886	-0.000204	-0.005780	27634	0.003340	13962	3.2053
25meV	Agua+2.5NaCl	100000	33565	0.335650	0.001493	0.639880	0.001518	0.000320	0.000057	0.024150	0.000485	3.98059	24.76212	0.01610	33459	39.3273	39.3990	-0.000351	-0.006355	31942	0.004388	18457	7.3702
25meV	Agua+5NaCl	100000	37718	0.377180	0.001533	0.598900	0.001550	0.000310	0.000056	0.023610	0.000480	3.85236	21.39346	0.01563	37598	31.7044	31.7933	-0.000267	-0.006556	35689	0.008259	21563	9.0394
25meV	Agua+10NaCl	100000	44090	0.440900	0.001570	0.536550	0.001577	0.000260	0.000051	0.022290	0.000467	3.65758	16.78134	0.01465	43982	22.4246	22.5010	-0.000744	-0.007513	41159	0.004507	26474	10.4609
50meV	Agua-pura	100000	31320	0.313200	0.001467	0.663280	0.001494	0.000330	0.000057	0.023190	0.000476	4.05138	32.55696	0.01564	31196	53.7327	53.8327	0.011786	0.014990	30308	0.056153	15244	3.2050
50meV	Agua+2.5NaCl	100000	36098	0.360980	0.001519	0.617120	0.001537	0.000330	0.000057	0.021570	0.000459	3.90706	26.86788	0.01487	36000	40.4988	40.5617	0.015608	0.018592	34758	0.067299	19929	7.4207
50meV	Agua+5NaCl	100000	40769	0.407690	0.001554	0.570290	0.001565	0.000310	0.000056	0.021710	0.000461	3.76209	23.50974	0.01460	40677	33.3373	33.4308	0.018432	0.021279	39045	0.071424	23397	9.0048
50meV	Agua+10NaCl	100000	47243	0.472430	0.001579	0.506500	0.001581	0.000290	0.000054	0.020780	0.000451	3.56351	18.24355	0.01398	47150	23.5888	23.6703	0.026145	0.028382	44856	0.087253	28552	10.4192
80meV	Agua-pura	100000	32654	0.326540	0.001483	0.651300	0.001507	0.000420	0.000065	0.021740	0.000461	4.01407	34.03304	0.01565	32545	54.9830	55.0828	0.019721	0.027426	31837	0.085509	15942	3.1571
80meV	Agua+2.5NaCl	100000	37655	0.376550	0.001532	0.602500	0.001548	0.000340	0.000058	0.020610	0.000449	3.86077	28.20278	0.01422	37579	41.8249	41.9430	0.025685	0.033370	36537	0.100916	20761	7.4740
80meV	Agua+5NaCl	100000	41834	0.418340	0.001560	0.561570	0.001569	0.000290	0.000054	0.019800	0.000441	3.73529	24.32513	0.01389	41737	33.8465	33.9330	0.031199	0.038736	40395	0.111396	24103	9.0648
80meV	Agua+10NaCl	100000	48867	0.488670	0.001581	0.491650	0.001581	0.000270	0.000052	0.019410	0.000436	3.51731	19.10757	0.01310	48771	24.2557	24.3291	0.043045	0.049626	46839	0.135710	29661	10.5468
100meV	Agua-pura	100000	33180	0.331800	0.001489	0.645890	0.001512	0.000270	0.000052	0.022040	0.000464	3.99528	34.70992	0.01566	33080	55.0412	55.1571	0.023510	0.032913	32376	0.100812	16157	3.1942
100meV	Agua+2.5NaCl	100000	38582	0.385820	0.001539	0.593450	0.001553	0.000400	0.000063	0.020330	0.000446	3.83366	28.99981	0.01416	38492	42.0573	42.1759	0.030474	0.039676	37507	0.116771	21349	7.4996
100meV	Agua+5NaCl	100000	42412	0.424120	0.001563	0.555340	0.001571	0.000270	0.000052	0.020270	0.000446	3.71398	24.93400	0.01404	42321	34.4074	34.4823	0.037063	0.046255	41064	0.129707	24710	9.0014
100meV	Agua+10NaCl	100000	49580	0.495800	0.001581	0.484450	0.001580	0.000270	0.000052	0.019480	0.000437	3.49514	19.55824	0.01326	49496	24.6380	24.7161	0.050710	0.058975	47634	0.154263	30107	10.5719
300meV	Agua-pura	100000	34790	0.347900	0.001506	0.631950	0.001525	0.000410	0.000064	0.019740	0.000440	3.95062	37.34819	0.01417	34692	57.5446	57.6769	0.041022	0.058375	34233	0.156059	17149	3.2099
300meV	Agua+2.5NaCl	100000	40440	0.404400	0.001552	0.576750	0.001562	0.000370	0.000061	0.018480	0.000426	3.77690	31.15253	0.01282	40349	44.3443	44.4748	0.052785	0.069887	39770	0.178499	22512	7.4285
300meV	Agua+5NaCl	100000	44198	0.441980	0.001570	0.538290	0.001576	0.000340	0.000058	0.019390	0.000436	3.66199	26.74907	0.01335	44106	36.1737	36.2842	0.063964	0.080951	43344	0.199545	25922	9.1129
300meV	Agua+10NaCl	100000	51143	0.511430	0.001581	0.469700	0.001578	0.000260	0.000051	0.018610	0.000427	3.44880	20.94783	0.01276	51068	26.2714	26.3522	0.087039	0.102897	49911	0.235437	31204	10.5411
500meV	Agua-pura	100000	35397	0.353970	0.001512	0.625950	0.001530	0.000390	0.000062	0.019690	0.000439	3.93288	38.55048	0.01421	35283	59.3609	59.5412	0.048078	0.068637	34931	0.171931	17743	3.2164
500meV	Agua+2.5NaCl	100000	40636	0.406360	0.001553	0.573380	0.001564	0.000490	0.000070	0.019770	0.000440	3.77145	31.68648	0.01410	40542	44.8648	45.0155	0.063153	0.083436	40026	0.203975	22817	7.3665
500meV	Agua+5NaCl	100000	44911	0.449110	0.001573	0.532650	0.001578	0.000340	0.000058	0.017900	0.000419	3.64043	27.52806	0.01245	44836	37.0248	37.1110	0.075900	0.095923	44187	0.221545	26628	8.8941
500meV	Agua+10NaCl	100000	51490	0.514900	0.001580	0.466490	0.001578	0.000220	0.000047	0.018390	0.000425	3.43624	21.39934	0.01261	51422	26.6405	26.7158	0.103882	0.122481	50524	0.265958	31610	10.3692
700meV	Agua-pura	100000	35463	0.354630	0.001513	0.624300	0.001532	0.000520	0.000072	0.020550	0.000449	3.92897	39.09001	0.01477	35363	59.9391	60.0762	0.053267	0.075644	35084	0.185386	17704	3.2091
700meV	Agua+2.5NaCl	100000	40778	0.407780	0.001554	0.572780	0.001564	0.000320	0.000057	0.019120	0.000433	3.76624	32.49665	0.01372	40696	45.9363	46.0496	0.068734	0.090840	40293	0.214926	22756	7.3613
700meV	Agua+5NaCl	100000	44765	0.447650	0.001572	0.532950	0.001578	0.000320	0.000057	0.019080	0.000433	3.64425	27.87115	0.01331	44671	37.5714	37.7083	0.083388	0.105604	44154	0.236972	26377	9.0290
700meV	Agua+10NaCl	100000	51355	0.513550	0.001581	0.468440	0.001578	0.000220	0.000047	0.017790	0.000418	3.44106	21.78091	0.01241	51291	27.2837	27.3515	0.113256	0.133932	50507	0.283347	31467	10.5054
1000meV	Agua-pura	100000	35881	0.358810	0.001517	0.621680	0.001534	0.000380	0.000062	0.019130	0.000433	3.91635	39.42801	0.01360	35789	60.4099	60.5295	0.058605	0.083173	35531	0.197930	17984	3.2567
1000meV	Agua+2.5NaCl	100000	40822	0.408220	0.001554	0.572360	0.001564	0.000280	0.000053	0.019140	0.000433	3.76559	32.67586	0.01339	40717	46.6404	46.7627	0.075481	0.100237	40369	0.226495	22927	7.4052
1000meV	Agua+5NaCl	100000	45105	0.451050	0.001574	0.531270	0.001578	0.000370	0.000061	0.017310	0.000412	3.63860	28.34441	0.01209	45031	38.1587	38.2431	0.091405	0.115121	44593	0.253593	26631	9.1023
1000meV	Agua+10NaCl	100000	51378	0.513780	0.001581	0.468430	0.001578	0.000330	0.000057	0.017460	0.000414	3.44213	22.18057	0.01205	51312	27.9985	28.0829	0.122772	0.146030	50710	0.296774	31753	10.5257
10000meV	Agua-pura	100000	35522	0.355220	0.001513	0.626070	0.001530	0.000490	0.000070	0.018220	0.000423	3.92965	41.45082	0.01318	35427	64.3338	64.5095	0.090253	0.127308	35341	0.253918	17871	3.1767
10000meV	Agua+2.5NaCl	100000	40741	0.407410	0.001554	0.574420	0.001564	0.000370	0.000061	0.017800	0.000418	3.77084	34.66117	0.01284	40674	50.2858	50.4139	0.115094	0.152144	40553	0.291495	23417	7.4034
10000meV	Agua+5NaCl	100000	44242	0.442420	0.001571	0.540450	0.001576	0.000330	0.000057	0.016800	0.000406	3.66331	29.89963	0.01183	44180	41.7375	41.8527	0.137782	0.175301	44018	0.318050	26396	9.0955
10000meV	Agua+10NaCl	100000	50513	0.505130	0.001581	0.478560	0.001580	0.000320	0.000057	0.015990	0.000397	3.47249	23.79357	0.01102	50463	31.0898	31.1786	0.182857	0.218637	50244	0.378518	31653	10.5189
100000meV	Agua-pura	100000	34784	0.347840	0.001506	0.633620	0.001524	0.000450	0.000067	0.018090	0.000421	3.95129	42.52186	0.01281	34707	68.3199	68.4518	0.118577	0.166477	34675	0.287694	17765	3.1607
100000meV	Agua+2.5NaCl	100000	39551	0.395510	0.001546	0.587790	0.001557	0.000320	0.000057	0.016380	0.000401	3.80516	35.94058	0.01146	39487	54.5549	54.6931	0.147929	0.196489	39436	0.327003	22641	7.4504
100000meV	Agua+5NaCl	100000	43239	0.432390	0.001567	0.551360	0.001573	0.000400	0.000063	0.015850	0.000395	3.69443	31.15527	0.01094	43183	45.2060	45.3317	0.177894	0.225983	43129	0.363515	26144	9.1781
100000meV	Agua+10NaCl	100000	48739	0.487390	0.001581	0.496860	0.001581	0.000220	0.000047	0.015530	0.000391	3.52515	25.12813	0.01067	48700	34.4012	34.4929	0.231895	0.279077	48629	0.418572	30635	10.5951
1000000meV	Agua-pura	100000	33772	0.337720	0.001496	0.645600	0.001513	0.000420	0.000065	0.016260	0.000400	3.98411	44.96219	0.01178	33683	76.7836	76.9747	0.165451	0.228322	33665	0.333343	17583	3.1578
1000000meV	Agua+2.5NaCl	100000	37570	0.375700	0.001532	0.609240	0.001543	0.000400	0.000063	0.014660	0.000380	3.86978	37.97924	0.01050	37501	61.6747	61.8162	0.205586	0.269879	37492	0.375032	21971	7.5252
1000000meV	Agua+5NaCl	100000	40934	0.409340	0.001555	0.576100	0.001563	0.000380	0.000062	0.014180	0.000374	3.76646	33.54377	0.00997	40880	52.2213	52.3320	0.242376	0.305135	40869	0.413080	25048	9.2201
1000000meV	Agua+10NaCl	100000	45413	0.454130	0.001574	0.532030	0.001578	0.000370	0.000061	0.013470	0.000365	3.63219	27.44895	0.00928	45365	40.7108	40.8240	0.308816	0.370037	45349	0.474747	29259	10.6246
