Energia  | Captura agua CON S(a,b)  | Captura agua SIN S(a,b)  | Efecto S(a,b)            | <N> con / sin   
---------+--------------------------+--------------------------+--------------------------+-----------------
1meV     |  12.95 +- 0.34 %         |  15.32 +- 0.36 %         |  -2.37 pts (-4.8 sigma)  |   70.8 /   48.7 
2.5meV   |  14.09 +- 0.35 %         |  18.47 +- 0.39 %         |  -4.38 pts (-8.4 sigma)  |   81.8 /   48.5 
5meV     |  15.16 +- 0.36 %         |  21.07 +- 0.41 %         |  -5.91 pts (-10.8 sigma) |   77.4 /   47.7 
7meV     |  15.61 +- 0.36 %         |  22.90 +- 0.42 %         |  -7.29 pts (-13.2 sigma) |   78.2 /   48.4 
10meV    |  16.14 +- 0.37 %         |  23.08 +- 0.42 %         |  -6.94 pts (-12.4 sigma) |   90.6 /   48.1 
25meV    |  19.70 +- 0.40 %         |  28.31 +- 0.45 %         |  -8.61 pts (-14.3 sigma) |   90.7 /   51.4 
50meV    |  23.64 +- 0.42 %         |  30.48 +- 0.46 %         |  -6.84 pts (-11.0 sigma) |   96.7 /   53.1 
80meV    |  25.40 +- 0.44 %         |  32.07 +- 0.47 %         |  -6.67 pts (-10.4 sigma) |   92.1 /   55.9 
100meV   |  26.32 +- 0.44 %         |  32.16 +- 0.47 %         |  -5.84 pts (-9.1 sigma)  |   99.4 /   56.3 
300meV   |  32.62 +- 0.47 %         |  33.00 +- 0.47 %         |  -0.38 pts (-0.6 sigma)  |  106.7 /   56.2 
500meV   |  35.39 +- 0.48 %         |  34.02 +- 0.47 %         |  +1.37 pts (2.0 sigma)   |  108.5 /   58.9 
700meV   |  36.54 +- 0.48 %         |  34.20 +- 0.47 %         |  +2.34 pts (3.5 sigma)   |  110.6 /   59.0 
1eV      |  37.76 +- 0.48 %         |  34.49 +- 0.48 %         |  +3.27 pts (4.8 sigma)   |  111.1 /   61.4 
10eV     |  41.85 +- 0.49 %         |  34.48 +- 0.48 %         |  +7.37 pts (10.7 sigma)  |  120.8 /   65.9 
100eV    |  42.03 +- 0.49 %         |  33.73 +- 0.47 %         |  +8.30 pts (12.2 sigma)  |  123.1 /   68.8 
1000eV   |  41.90 +- 0.49 %         |  33.54 +- 0.47 %         |  +8.36 pts (12.3 sigma)  |  127.8 /   71.9 
