energia_eV	etiqueta	fisica	incidentes	captura_agua	captura_estructura	reflexion_tapa	escape_lateral	transmision_fondo	desviado_en_aire	N_medio_captura_agua	N_error_medio	z_medio_captura_agua_cm
0.001	1meV	QGSP_BERT_HP	10000	1489	898	7024	5	0	584	57.05	2.18	131.16
0.001	1meV	QGSP_BERT_HP_NoThermal	10000	1820	797	6762	26	0	595	33.97	1.12	130.29
0.0025	2.5meV	QGSP_BERT_HP	10000	1679	662	7245	14	0	400	55.45	1.92	131.25
0.0025	2.5meV	QGSP_BERT_HP_NoThermal	10000	2214	560	6794	24	0	408	34.11	0.93	130.29
0.005	5meV	QGSP_BERT_HP	10000	1856	499	7264	13	0	368	58.20	1.97	131.01
0.005	5meV	QGSP_BERT_HP_NoThermal	10000	2422	487	6733	30	0	328	36.16	1.01	130.19
0.007	7meV	QGSP_BERT_HP	10000	1786	413	7457	14	0	330	60.10	1.95	131.00
0.007	7meV	QGSP_BERT_HP_NoThermal	10000	2606	422	6628	33	0	311	35.38	0.93	130.12
0.01	10meV	QGSP_BERT_HP	10000	1962	489	7253	11	0	285	61.13	1.85	130.90
0.01	10meV	QGSP_BERT_HP_NoThermal	10000	2834	378	6470	33	0	285	38.11	0.94	129.97
0.025	25meV	QGSP_BERT_HP	10000	2289	304	7126	10	0	271	65.78	1.78	130.83
0.025	25meV	QGSP_BERT_HP_NoThermal	10000	3102	282	6267	41	0	308	39.47	0.93	129.82
0.05	50meV	QGSP_BERT_HP	10000	2742	245	6730	22	0	261	68.97	1.67	130.56
0.05	50meV	QGSP_BERT_HP_NoThermal	10000	3438	221	6015	52	0	274	40.66	0.85	129.64
0.08	80meV	QGSP_BERT_HP	10000	2957	194	6587	25	0	237	70.29	1.61	130.43
0.08	80meV	QGSP_BERT_HP_NoThermal	10000	3631	211	5872	41	0	245	42.44	0.84	129.54
0.1	100meV	QGSP_BERT_HP	10000	3083	189	6468	17	0	243	72.60	1.60	130.44
0.1	100meV	QGSP_BERT_HP_NoThermal	10000	3643	202	5862	47	0	246	41.67	0.82	129.55
0.3	300meV	QGSP_BERT_HP	10000	3722	156	5834	25	0	263	75.55	1.46	130.13
0.3	300meV	QGSP_BERT_HP_NoThermal	10000	3760	161	5792	57	0	230	45.15	0.83	129.20
0.5	500meV	QGSP_BERT_HP	10000	3839	141	5762	27	0	231	80.96	1.51	129.95
0.5	500meV	QGSP_BERT_HP_NoThermal	10000	3925	151	5697	34	0	193	44.60	0.80	129.19
0.7	700meV	QGSP_BERT_HP	10000	4058	105	5562	31	0	244	82.14	1.42	129.84
0.7	700meV	QGSP_BERT_HP_NoThermal	10000	3878	149	5674	53	0	246	46.14	0.81	129.09
1	1eV	QGSP_BERT_HP	10000	4191	111	5458	27	0	213	80.18	1.37	129.77
1	1eV	QGSP_BERT_HP_NoThermal	10000	3972	142	5579	66	0	241	47.08	0.83	129.12
10	10eV	QGSP_BERT_HP	10000	4574	87	5071	30	0	238	90.44	1.44	129.33
10	10eV	QGSP_BERT_HP_NoThermal	10000	3967	103	5625	64	0	241	49.30	0.80	128.77
100	100eV	QGSP_BERT_HP	10000	4591	58	5114	36	0	201	92.11	1.40	129.06
100	100eV	QGSP_BERT_HP_NoThermal	10000	3801	76	5847	70	0	206	53.38	0.85	128.51
1000	1000eV	QGSP_BERT_HP	10000	4524	52	5148	44	0	232	97.19	1.43	128.72
1000	1000eV	QGSP_BERT_HP_NoThermal	10000	3770	69	5865	74	0	222	58.85	0.88	128.09
