energia_eV	etiqueta	fisica	proceso	material	interacciones
1000	1000eV	QGSP_BERT_HP	conv	Air	4
1000	1000eV	QGSP_BERT_HP	Rayl	Pyrex	7
1000	1000eV	QGSP_BERT_HP	phot	G4_STAINLESS-STEEL	505
1000	1000eV	QGSP_BERT_HP	compt	G4_STAINLESS-STEEL	353
1000	1000eV	QGSP_BERT_HP	conv	G4_STAINLESS-STEEL	8
1000	1000eV	QGSP_BERT_HP	phot	SaltyWater_NaCl_2.5pct	2263
1000	1000eV	QGSP_BERT_HP	conv	Pyrex	1
1000	1000eV	QGSP_BERT_HP	compt	Air	134
1000	1000eV	QGSP_BERT_HP	compt	SaltyWater_NaCl_2.5pct	31382
1000	1000eV	QGSP_BERT_HP	compt	Pyrex	71
1000	1000eV	QGSP_BERT_HP	phot	Air	7
1000	1000eV	QGSP_BERT_HP	Rayl	Air	2
1000	1000eV	QGSP_BERT_HP	phot	Pyrex	17
1000	1000eV	QGSP_BERT_HP	conv	SaltyWater_NaCl_2.5pct	165
1000	1000eV	QGSP_BERT_HP	Rayl	G4_STAINLESS-STEEL	59
1000	1000eV	QGSP_BERT_HP	compt	Tyvek_HDPE	9
1000	1000eV	QGSP_BERT_HP	Rayl	SaltyWater_NaCl_2.5pct	1238
1000	1000eV	QGSP_BERT_HP_NoThermal	conv	Air	5
1000	1000eV	QGSP_BERT_HP_NoThermal	Rayl	Pyrex	10
1000	1000eV	QGSP_BERT_HP_NoThermal	phot	G4_STAINLESS-STEEL	380
1000	1000eV	QGSP_BERT_HP_NoThermal	compt	G4_STAINLESS-STEEL	291
1000	1000eV	QGSP_BERT_HP_NoThermal	conv	Tyvek_HDPE	1
1000	1000eV	QGSP_BERT_HP_NoThermal	conv	G4_STAINLESS-STEEL	10
1000	1000eV	QGSP_BERT_HP_NoThermal	phot	SaltyWater_NaCl_2.5pct	1987
1000	1000eV	QGSP_BERT_HP_NoThermal	conv	Pyrex	2
1000	1000eV	QGSP_BERT_HP_NoThermal	compt	Air	116
1000	1000eV	QGSP_BERT_HP_NoThermal	compt	SaltyWater_NaCl_2.5pct	26247
1000	1000eV	QGSP_BERT_HP_NoThermal	compt	Pyrex	72
1000	1000eV	QGSP_BERT_HP_NoThermal	phot	Air	7
1000	1000eV	QGSP_BERT_HP_NoThermal	Rayl	Air	1
1000	1000eV	QGSP_BERT_HP_NoThermal	phot	Pyrex	15
1000	1000eV	QGSP_BERT_HP_NoThermal	conv	SaltyWater_NaCl_2.5pct	141
1000	1000eV	QGSP_BERT_HP_NoThermal	Rayl	G4_STAINLESS-STEEL	33
1000	1000eV	QGSP_BERT_HP_NoThermal	compt	Tyvek_HDPE	9
1000	1000eV	QGSP_BERT_HP_NoThermal	Rayl	SaltyWater_NaCl_2.5pct	1064
100	100eV	QGSP_BERT_HP	conv	Air	3
100	100eV	QGSP_BERT_HP	Rayl	Pyrex	4
100	100eV	QGSP_BERT_HP	compt	G4_STAINLESS-STEEL	292
100	100eV	QGSP_BERT_HP	phot	G4_STAINLESS-STEEL	448
100	100eV	QGSP_BERT_HP	conv	G4_STAINLESS-STEEL	14
100	100eV	QGSP_BERT_HP	phot	SaltyWater_NaCl_2.5pct	2362
100	100eV	QGSP_BERT_HP	compt	Air	161
100	100eV	QGSP_BERT_HP	compt	SaltyWater_NaCl_2.5pct	31528
100	100eV	QGSP_BERT_HP	compt	Pyrex	56
100	100eV	QGSP_BERT_HP	phot	Air	6
100	100eV	QGSP_BERT_HP	Rayl	Air	4
100	100eV	QGSP_BERT_HP	phot	Pyrex	10
100	100eV	QGSP_BERT_HP	Rayl	G4_STAINLESS-STEEL	36
100	100eV	QGSP_BERT_HP	conv	SaltyWater_NaCl_2.5pct	174
100	100eV	QGSP_BERT_HP	compt	Tyvek_HDPE	16
100	100eV	QGSP_BERT_HP	Rayl	SaltyWater_NaCl_2.5pct	1256
100	100eV	QGSP_BERT_HP_NoThermal	conv	Air	1
100	100eV	QGSP_BERT_HP_NoThermal	Rayl	Pyrex	6
100	100eV	QGSP_BERT_HP_NoThermal	phot	G4_STAINLESS-STEEL	415
100	100eV	QGSP_BERT_HP_NoThermal	compt	G4_STAINLESS-STEEL	242
100	100eV	QGSP_BERT_HP_NoThermal	conv	G4_STAINLESS-STEEL	12
100	100eV	QGSP_BERT_HP_NoThermal	phot	SaltyWater_NaCl_2.5pct	1882
100	100eV	QGSP_BERT_HP_NoThermal	compt	Air	118
100	100eV	QGSP_BERT_HP_NoThermal	compt	SaltyWater_NaCl_2.5pct	26084
100	100eV	QGSP_BERT_HP_NoThermal	compt	Pyrex	53
100	100eV	QGSP_BERT_HP_NoThermal	phot	Air	6
100	100eV	QGSP_BERT_HP_NoThermal	phot	Pyrex	8
100	100eV	QGSP_BERT_HP_NoThermal	Rayl	Air	6
100	100eV	QGSP_BERT_HP_NoThermal	Rayl	G4_STAINLESS-STEEL	43
100	100eV	QGSP_BERT_HP_NoThermal	conv	SaltyWater_NaCl_2.5pct	133
100	100eV	QGSP_BERT_HP_NoThermal	compt	Tyvek_HDPE	7
100	100eV	QGSP_BERT_HP_NoThermal	Rayl	SaltyWater_NaCl_2.5pct	1062
0.1	100meV	QGSP_BERT_HP	Rayl	Pyrex	4
0.1	100meV	QGSP_BERT_HP	phot	G4_STAINLESS-STEEL	393
0.1	100meV	QGSP_BERT_HP	compt	G4_STAINLESS-STEEL	255
0.1	100meV	QGSP_BERT_HP	conv	G4_STAINLESS-STEEL	15
0.1	100meV	QGSP_BERT_HP	phot	SaltyWater_NaCl_2.5pct	1485
0.1	100meV	QGSP_BERT_HP	compt	Air	97
0.1	100meV	QGSP_BERT_HP	compt	SaltyWater_NaCl_2.5pct	20337
0.1	100meV	QGSP_BERT_HP	compt	Pyrex	40
0.1	100meV	QGSP_BERT_HP	phot	Air	6
0.1	100meV	QGSP_BERT_HP	phot	Pyrex	5
0.1	100meV	QGSP_BERT_HP	Rayl	G4_STAINLESS-STEEL	32
0.1	100meV	QGSP_BERT_HP	conv	SaltyWater_NaCl_2.5pct	122
0.1	100meV	QGSP_BERT_HP	compt	Tyvek_HDPE	7
0.1	100meV	QGSP_BERT_HP	Rayl	SaltyWater_NaCl_2.5pct	825
0.1	100meV	QGSP_BERT_HP_NoThermal	conv	Air	3
0.1	100meV	QGSP_BERT_HP_NoThermal	Rayl	Pyrex	2
0.1	100meV	QGSP_BERT_HP_NoThermal	compt	G4_STAINLESS-STEEL	283
0.1	100meV	QGSP_BERT_HP_NoThermal	phot	G4_STAINLESS-STEEL	433
0.1	100meV	QGSP_BERT_HP_NoThermal	conv	G4_STAINLESS-STEEL	7
0.1	100meV	QGSP_BERT_HP_NoThermal	phot	SaltyWater_NaCl_2.5pct	1818
0.1	100meV	QGSP_BERT_HP_NoThermal	conv	Pyrex	1
0.1	100meV	QGSP_BERT_HP_NoThermal	compt	Air	139
0.1	100meV	QGSP_BERT_HP_NoThermal	compt	SaltyWater_NaCl_2.5pct	24643
0.1	100meV	QGSP_BERT_HP_NoThermal	compt	Pyrex	60
0.1	100meV	QGSP_BERT_HP_NoThermal	phot	Air	3
0.1	100meV	QGSP_BERT_HP_NoThermal	phot	Pyrex	8
0.1	100meV	QGSP_BERT_HP_NoThermal	Rayl	Air	1
0.1	100meV	QGSP_BERT_HP_NoThermal	conv	SaltyWater_NaCl_2.5pct	154
0.1	100meV	QGSP_BERT_HP_NoThermal	Rayl	G4_STAINLESS-STEEL	41
0.1	100meV	QGSP_BERT_HP_NoThermal	compt	Tyvek_HDPE	8
0.1	100meV	QGSP_BERT_HP_NoThermal	Rayl	SaltyWater_NaCl_2.5pct	1002
10	10eV	QGSP_BERT_HP	conv	Air	3
10	10eV	QGSP_BERT_HP	Rayl	Pyrex	7
10	10eV	QGSP_BERT_HP	compt	G4_STAINLESS-STEEL	309
10	10eV	QGSP_BERT_HP	phot	G4_STAINLESS-STEEL	449
10	10eV	QGSP_BERT_HP	conv	G4_STAINLESS-STEEL	12
10	10eV	QGSP_BERT_HP	phot	Tyvek_HDPE	2
10	10eV	QGSP_BERT_HP	phot	SaltyWater_NaCl_2.5pct	2286
10	10eV	QGSP_BERT_HP	conv	Pyrex	1
10	10eV	QGSP_BERT_HP	compt	Air	155
10	10eV	QGSP_BERT_HP	compt	SaltyWater_NaCl_2.5pct	30992
10	10eV	QGSP_BERT_HP	compt	Pyrex	72
10	10eV	QGSP_BERT_HP	phot	Air	12
10	10eV	QGSP_BERT_HP	Rayl	Air	5
10	10eV	QGSP_BERT_HP	phot	Pyrex	15
10	10eV	QGSP_BERT_HP	Rayl	G4_STAINLESS-STEEL	30
10	10eV	QGSP_BERT_HP	conv	SaltyWater_NaCl_2.5pct	181
10	10eV	QGSP_BERT_HP	compt	Tyvek_HDPE	14
10	10eV	QGSP_BERT_HP	Rayl	SaltyWater_NaCl_2.5pct	1265
10	10eV	QGSP_BERT_HP_NoThermal	conv	Air	1
10	10eV	QGSP_BERT_HP_NoThermal	Rayl	Pyrex	4
10	10eV	QGSP_BERT_HP_NoThermal	compt	G4_STAINLESS-STEEL	289
10	10eV	QGSP_BERT_HP_NoThermal	phot	G4_STAINLESS-STEEL	430
10	10eV	QGSP_BERT_HP_NoThermal	conv	Tyvek_HDPE	1
10	10eV	QGSP_BERT_HP_NoThermal	conv	G4_STAINLESS-STEEL	8
10	10eV	QGSP_BERT_HP_NoThermal	phot	SaltyWater_NaCl_2.5pct	2100
10	10eV	QGSP_BERT_HP_NoThermal	compt	Air	144
10	10eV	QGSP_BERT_HP_NoThermal	compt	SaltyWater_NaCl_2.5pct	27713
10	10eV	QGSP_BERT_HP_NoThermal	compt	Pyrex	55
10	10eV	QGSP_BERT_HP_NoThermal	phot	Air	1
10	10eV	QGSP_BERT_HP_NoThermal	phot	Pyrex	11
10	10eV	QGSP_BERT_HP_NoThermal	Rayl	Air	3
10	10eV	QGSP_BERT_HP_NoThermal	conv	SaltyWater_NaCl_2.5pct	153
10	10eV	QGSP_BERT_HP_NoThermal	Rayl	G4_STAINLESS-STEEL	34
10	10eV	QGSP_BERT_HP_NoThermal	compt	Tyvek_HDPE	13
10	10eV	QGSP_BERT_HP_NoThermal	Rayl	SaltyWater_NaCl_2.5pct	1153
0.01	10meV	QGSP_BERT_HP	conv	Air	1
0.01	10meV	QGSP_BERT_HP	Rayl	Pyrex	2
0.01	10meV	QGSP_BERT_HP	phot	G4_STAINLESS-STEEL	416
0.01	10meV	QGSP_BERT_HP	compt	G4_STAINLESS-STEEL	199
0.01	10meV	QGSP_BERT_HP	conv	G4_STAINLESS-STEEL	9
0.01	10meV	QGSP_BERT_HP	phot	SaltyWater_NaCl_2.5pct	1103
0.01	10meV	QGSP_BERT_HP	compt	Air	71
0.01	10meV	QGSP_BERT_HP	compt	SaltyWater_NaCl_2.5pct	15106
0.01	10meV	QGSP_BERT_HP	compt	Pyrex	32
0.01	10meV	QGSP_BERT_HP	phot	Air	6
0.01	10meV	QGSP_BERT_HP	Rayl	Air	3
0.01	10meV	QGSP_BERT_HP	phot	Pyrex	5
0.01	10meV	QGSP_BERT_HP	Rayl	G4_STAINLESS-STEEL	18
0.01	10meV	QGSP_BERT_HP	conv	SaltyWater_NaCl_2.5pct	92
0.01	10meV	QGSP_BERT_HP	compt	Tyvek_HDPE	11
0.01	10meV	QGSP_BERT_HP	Rayl	SaltyWater_NaCl_2.5pct	587
0.01	10meV	QGSP_BERT_HP_NoThermal	conv	Air	2
0.01	10meV	QGSP_BERT_HP_NoThermal	Rayl	Pyrex	7
0.01	10meV	QGSP_BERT_HP_NoThermal	compt	G4_STAINLESS-STEEL	281
0.01	10meV	QGSP_BERT_HP_NoThermal	phot	G4_STAINLESS-STEEL	476
0.01	10meV	QGSP_BERT_HP_NoThermal	conv	G4_STAINLESS-STEEL	8
0.01	10meV	QGSP_BERT_HP_NoThermal	phot	SaltyWater_NaCl_2.5pct	1512
0.01	10meV	QGSP_BERT_HP_NoThermal	compt	Air	114
0.01	10meV	QGSP_BERT_HP_NoThermal	compt	SaltyWater_NaCl_2.5pct	20335
0.01	10meV	QGSP_BERT_HP_NoThermal	compt	Pyrex	51
0.01	10meV	QGSP_BERT_HP_NoThermal	phot	Air	3
0.01	10meV	QGSP_BERT_HP_NoThermal	Rayl	Air	2
0.01	10meV	QGSP_BERT_HP_NoThermal	phot	Pyrex	10
0.01	10meV	QGSP_BERT_HP_NoThermal	Rayl	G4_STAINLESS-STEEL	47
0.01	10meV	QGSP_BERT_HP_NoThermal	conv	SaltyWater_NaCl_2.5pct	123
0.01	10meV	QGSP_BERT_HP_NoThermal	compt	Tyvek_HDPE	10
0.01	10meV	QGSP_BERT_HP_NoThermal	Rayl	SaltyWater_NaCl_2.5pct	808
1	1eV	QGSP_BERT_HP	Rayl	Pyrex	7
1	1eV	QGSP_BERT_HP	phot	G4_STAINLESS-STEEL	414
1	1eV	QGSP_BERT_HP	compt	G4_STAINLESS-STEEL	303
1	1eV	QGSP_BERT_HP	conv	G4_STAINLESS-STEEL	6
1	1eV	QGSP_BERT_HP	phot	SaltyWater_NaCl_2.5pct	2031
1	1eV	QGSP_BERT_HP	conv	Pyrex	1
1	1eV	QGSP_BERT_HP	compt	Air	141
1	1eV	QGSP_BERT_HP	compt	SaltyWater_NaCl_2.5pct	27723
1	1eV	QGSP_BERT_HP	compt	Pyrex	29
1	1eV	QGSP_BERT_HP	phot	Air	8
1	1eV	QGSP_BERT_HP	Rayl	Air	1
1	1eV	QGSP_BERT_HP	phot	Pyrex	14
1	1eV	QGSP_BERT_HP	conv	SaltyWater_NaCl_2.5pct	140
1	1eV	QGSP_BERT_HP	Rayl	G4_STAINLESS-STEEL	46
1	1eV	QGSP_BERT_HP	compt	Tyvek_HDPE	16
1	1eV	QGSP_BERT_HP	Rayl	SaltyWater_NaCl_2.5pct	1114
1	1eV	QGSP_BERT_HP_NoThermal	Rayl	Pyrex	7
1	1eV	QGSP_BERT_HP_NoThermal	compt	G4_STAINLESS-STEEL	296
1	1eV	QGSP_BERT_HP_NoThermal	phot	G4_STAINLESS-STEEL	415
1	1eV	QGSP_BERT_HP_NoThermal	conv	G4_STAINLESS-STEEL	16
1	1eV	QGSP_BERT_HP_NoThermal	phot	SaltyWater_NaCl_2.5pct	1987
1	1eV	QGSP_BERT_HP_NoThermal	compt	Air	138
1	1eV	QGSP_BERT_HP_NoThermal	compt	SaltyWater_NaCl_2.5pct	26881
1	1eV	QGSP_BERT_HP_NoThermal	compt	Pyrex	69
1	1eV	QGSP_BERT_HP_NoThermal	phot	Air	4
1	1eV	QGSP_BERT_HP_NoThermal	phot	Pyrex	11
1	1eV	QGSP_BERT_HP_NoThermal	Rayl	Air	3
1	1eV	QGSP_BERT_HP_NoThermal	Rayl	G4_STAINLESS-STEEL	38
1	1eV	QGSP_BERT_HP_NoThermal	conv	SaltyWater_NaCl_2.5pct	158
1	1eV	QGSP_BERT_HP_NoThermal	compt	Tyvek_HDPE	21
1	1eV	QGSP_BERT_HP_NoThermal	Rayl	SaltyWater_NaCl_2.5pct	1079
0.001	1meV	QGSP_BERT_HP	conv	Air	3
0.001	1meV	QGSP_BERT_HP	Rayl	Pyrex	1
0.001	1meV	QGSP_BERT_HP	compt	G4_STAINLESS-STEEL	266
0.001	1meV	QGSP_BERT_HP	phot	G4_STAINLESS-STEEL	631
0.001	1meV	QGSP_BERT_HP	conv	Tyvek_HDPE	1
0.001	1meV	QGSP_BERT_HP	conv	G4_STAINLESS-STEEL	19
0.001	1meV	QGSP_BERT_HP	phot	SaltyWater_NaCl_2.5pct	1011
0.001	1meV	QGSP_BERT_HP	compt	Air	77
0.001	1meV	QGSP_BERT_HP	compt	SaltyWater_NaCl_2.5pct	14314
0.001	1meV	QGSP_BERT_HP	compt	Pyrex	19
0.001	1meV	QGSP_BERT_HP	phot	Air	6
0.001	1meV	QGSP_BERT_HP	Rayl	Air	2
0.001	1meV	QGSP_BERT_HP	phot	Pyrex	7
0.001	1meV	QGSP_BERT_HP	Rayl	G4_STAINLESS-STEEL	34
0.001	1meV	QGSP_BERT_HP	conv	SaltyWater_NaCl_2.5pct	88
0.001	1meV	QGSP_BERT_HP	compt	Tyvek_HDPE	16
0.001	1meV	QGSP_BERT_HP	Rayl	SaltyWater_NaCl_2.5pct	595
0.001	1meV	QGSP_BERT_HP_NoThermal	conv	Air	1
0.001	1meV	QGSP_BERT_HP_NoThermal	Rayl	Pyrex	1
0.001	1meV	QGSP_BERT_HP_NoThermal	phot	G4_STAINLESS-STEEL	596
0.001	1meV	QGSP_BERT_HP_NoThermal	compt	G4_STAINLESS-STEEL	259
0.001	1meV	QGSP_BERT_HP_NoThermal	conv	G4_STAINLESS-STEEL	17
0.001	1meV	QGSP_BERT_HP_NoThermal	phot	SaltyWater_NaCl_2.5pct	1226
0.001	1meV	QGSP_BERT_HP_NoThermal	conv	Pyrex	1
0.001	1meV	QGSP_BERT_HP_NoThermal	compt	Air	105
0.001	1meV	QGSP_BERT_HP_NoThermal	compt	SaltyWater_NaCl_2.5pct	16376
0.001	1meV	QGSP_BERT_HP_NoThermal	compt	Pyrex	27
0.001	1meV	QGSP_BERT_HP_NoThermal	phot	Air	3
0.001	1meV	QGSP_BERT_HP_NoThermal	Rayl	Air	1
0.001	1meV	QGSP_BERT_HP_NoThermal	phot	Pyrex	4
0.001	1meV	QGSP_BERT_HP_NoThermal	conv	SaltyWater_NaCl_2.5pct	93
0.001	1meV	QGSP_BERT_HP_NoThermal	Rayl	G4_STAINLESS-STEEL	29
0.001	1meV	QGSP_BERT_HP_NoThermal	compt	Tyvek_HDPE	9
0.001	1meV	QGSP_BERT_HP_NoThermal	Rayl	SaltyWater_NaCl_2.5pct	681
0.025	25meV	QGSP_BERT_HP	conv	Air	2
0.025	25meV	QGSP_BERT_HP	Rayl	Pyrex	2
0.025	25meV	QGSP_BERT_HP	compt	G4_STAINLESS-STEEL	205
0.025	25meV	QGSP_BERT_HP	phot	G4_STAINLESS-STEEL	324
0.025	25meV	QGSP_BERT_HP	conv	G4_STAINLESS-STEEL	12
0.025	25meV	QGSP_BERT_HP	phot	SaltyWater_NaCl_2.5pct	1076
0.025	25meV	QGSP_BERT_HP	compt	Air	112
0.025	25meV	QGSP_BERT_HP	compt	SaltyWater_NaCl_2.5pct	14910
0.025	25meV	QGSP_BERT_HP	compt	Pyrex	31
0.025	25meV	QGSP_BERT_HP	phot	Air	6
0.025	25meV	QGSP_BERT_HP	phot	Pyrex	7
0.025	25meV	QGSP_BERT_HP	Rayl	Air	2
0.025	25meV	QGSP_BERT_HP	Rayl	G4_STAINLESS-STEEL	25
0.025	25meV	QGSP_BERT_HP	conv	SaltyWater_NaCl_2.5pct	87
0.025	25meV	QGSP_BERT_HP	compt	Tyvek_HDPE	9
0.025	25meV	QGSP_BERT_HP	Rayl	SaltyWater_NaCl_2.5pct	627
0.0025	2.5meV	QGSP_BERT_HP	Rayl	Pyrex	1
0.0025	2.5meV	QGSP_BERT_HP	phot	G4_STAINLESS-STEEL	458
0.0025	2.5meV	QGSP_BERT_HP	compt	G4_STAINLESS-STEEL	235
0.0025	2.5meV	QGSP_BERT_HP	conv	G4_STAINLESS-STEEL	17
0.0025	2.5meV	QGSP_BERT_HP	phot	SaltyWater_NaCl_2.5pct	1040
0.0025	2.5meV	QGSP_BERT_HP	compt	Air	88
0.0025	2.5meV	QGSP_BERT_HP	compt	SaltyWater_NaCl_2.5pct	13943
0.0025	2.5meV	QGSP_BERT_HP	compt	Pyrex	36
0.0025	2.5meV	QGSP_BERT_HP	phot	Air	6
0.0025	2.5meV	QGSP_BERT_HP	Rayl	Air	1
0.0025	2.5meV	QGSP_BERT_HP	phot	Pyrex	6
0.0025	2.5meV	QGSP_BERT_HP	Rayl	G4_STAINLESS-STEEL	31
0.0025	2.5meV	QGSP_BERT_HP	conv	SaltyWater_NaCl_2.5pct	71
0.0025	2.5meV	QGSP_BERT_HP	compt	Tyvek_HDPE	14
0.0025	2.5meV	QGSP_BERT_HP	Rayl	SaltyWater_NaCl_2.5pct	584
0.025	25meV	QGSP_BERT_HP_NoThermal	conv	Air	2
0.025	25meV	QGSP_BERT_HP_NoThermal	Rayl	Pyrex	1
0.025	25meV	QGSP_BERT_HP_NoThermal	compt	G4_STAINLESS-STEEL	261
0.025	25meV	QGSP_BERT_HP_NoThermal	phot	G4_STAINLESS-STEEL	437
0.025	25meV	QGSP_BERT_HP_NoThermal	conv	G4_STAINLESS-STEEL	9
0.025	25meV	QGSP_BERT_HP_NoThermal	phot	SaltyWater_NaCl_2.5pct	1556
0.025	25meV	QGSP_BERT_HP_NoThermal	compt	Air	117
0.025	25meV	QGSP_BERT_HP_NoThermal	compt	SaltyWater_NaCl_2.5pct	21448
0.025	25meV	QGSP_BERT_HP_NoThermal	compt	Pyrex	41
0.025	25meV	QGSP_BERT_HP_NoThermal	phot	Air	3
0.025	25meV	QGSP_BERT_HP_NoThermal	phot	Pyrex	2
0.025	25meV	QGSP_BERT_HP_NoThermal	Rayl	Air	3
0.025	25meV	QGSP_BERT_HP_NoThermal	Rayl	G4_STAINLESS-STEEL	28
0.025	25meV	QGSP_BERT_HP_NoThermal	conv	SaltyWater_NaCl_2.5pct	114
0.025	25meV	QGSP_BERT_HP_NoThermal	compt	Tyvek_HDPE	7
0.025	25meV	QGSP_BERT_HP_NoThermal	Rayl	SaltyWater_NaCl_2.5pct	867
0.0025	2.5meV	QGSP_BERT_HP_NoThermal	conv	Air	2
0.0025	2.5meV	QGSP_BERT_HP_NoThermal	Rayl	Pyrex	1
0.0025	2.5meV	QGSP_BERT_HP_NoThermal	compt	G4_STAINLESS-STEEL	241
0.0025	2.5meV	QGSP_BERT_HP_NoThermal	phot	G4_STAINLESS-STEEL	464
0.0025	2.5meV	QGSP_BERT_HP_NoThermal	conv	G4_STAINLESS-STEEL	11
0.0025	2.5meV	QGSP_BERT_HP_NoThermal	phot	SaltyWater_NaCl_2.5pct	1239
0.0025	2.5meV	QGSP_BERT_HP_NoThermal	compt	Air	114
0.0025	2.5meV	QGSP_BERT_HP_NoThermal	compt	SaltyWater_NaCl_2.5pct	16678
0.0025	2.5meV	QGSP_BERT_HP_NoThermal	compt	Pyrex	30
0.0025	2.5meV	QGSP_BERT_HP_NoThermal	phot	Air	5
0.0025	2.5meV	QGSP_BERT_HP_NoThermal	Rayl	Air	2
0.0025	2.5meV	QGSP_BERT_HP_NoThermal	phot	Pyrex	8
0.0025	2.5meV	QGSP_BERT_HP_NoThermal	conv	SaltyWater_NaCl_2.5pct	91
0.0025	2.5meV	QGSP_BERT_HP_NoThermal	Rayl	G4_STAINLESS-STEEL	30
0.0025	2.5meV	QGSP_BERT_HP_NoThermal	compt	Tyvek_HDPE	5
0.0025	2.5meV	QGSP_BERT_HP_NoThermal	Rayl	SaltyWater_NaCl_2.5pct	732
0.3	300meV	QGSP_BERT_HP	Rayl	Pyrex	6
0.3	300meV	QGSP_BERT_HP	phot	G4_STAINLESS-STEEL	428
0.3	300meV	QGSP_BERT_HP	compt	G4_STAINLESS-STEEL	252
0.3	300meV	QGSP_BERT_HP	conv	G4_STAINLESS-STEEL	11
0.3	300meV	QGSP_BERT_HP	phot	Tyvek_HDPE	1
0.3	300meV	QGSP_BERT_HP	phot	SaltyWater_NaCl_2.5pct	1819
0.3	300meV	QGSP_BERT_HP	conv	Pyrex	1
0.3	300meV	QGSP_BERT_HP	compt	Air	110
0.3	300meV	QGSP_BERT_HP	compt	SaltyWater_NaCl_2.5pct	24795
0.3	300meV	QGSP_BERT_HP	compt	Pyrex	70
0.3	300meV	QGSP_BERT_HP	phot	Air	7
0.3	300meV	QGSP_BERT_HP	Rayl	Air	2
0.3	300meV	QGSP_BERT_HP	phot	Pyrex	12
0.3	300meV	QGSP_BERT_HP	Rayl	G4_STAINLESS-STEEL	31
0.3	300meV	QGSP_BERT_HP	conv	SaltyWater_NaCl_2.5pct	143
0.3	300meV	QGSP_BERT_HP	compt	Tyvek_HDPE	4
0.3	300meV	QGSP_BERT_HP	Rayl	SaltyWater_NaCl_2.5pct	959
0.3	300meV	QGSP_BERT_HP_NoThermal	Rayl	Tyvek_HDPE	1
0.3	300meV	QGSP_BERT_HP_NoThermal	Rayl	Pyrex	3
0.3	300meV	QGSP_BERT_HP_NoThermal	phot	G4_STAINLESS-STEEL	478
0.3	300meV	QGSP_BERT_HP_NoThermal	compt	G4_STAINLESS-STEEL	324
0.3	300meV	QGSP_BERT_HP_NoThermal	conv	G4_STAINLESS-STEEL	11
0.3	300meV	QGSP_BERT_HP_NoThermal	phot	Tyvek_HDPE	1
0.3	300meV	QGSP_BERT_HP_NoThermal	phot	SaltyWater_NaCl_2.5pct	1903
0.3	300meV	QGSP_BERT_HP_NoThermal	compt	Air	121
0.3	300meV	QGSP_BERT_HP_NoThermal	compt	SaltyWater_NaCl_2.5pct	26151
0.3	300meV	QGSP_BERT_HP_NoThermal	compt	Pyrex	45
0.3	300meV	QGSP_BERT_HP_NoThermal	phot	Air	4
0.3	300meV	QGSP_BERT_HP_NoThermal	Rayl	Air	1
0.3	300meV	QGSP_BERT_HP_NoThermal	phot	Pyrex	5
0.3	300meV	QGSP_BERT_HP_NoThermal	Rayl	G4_STAINLESS-STEEL	49
0.3	300meV	QGSP_BERT_HP_NoThermal	conv	SaltyWater_NaCl_2.5pct	158
0.3	300meV	QGSP_BERT_HP_NoThermal	Rayl	SaltyWater_NaCl_2.5pct	1061
0.3	300meV	QGSP_BERT_HP_NoThermal	compt	Tyvek_HDPE	13
0.5	500meV	QGSP_BERT_HP	conv	Air	1
0.5	500meV	QGSP_BERT_HP	Rayl	Pyrex	5
0.5	500meV	QGSP_BERT_HP	compt	G4_STAINLESS-STEEL	298
0.5	500meV	QGSP_BERT_HP	phot	G4_STAINLESS-STEEL	447
0.5	500meV	QGSP_BERT_HP	conv	G4_STAINLESS-STEEL	10
0.5	500meV	QGSP_BERT_HP	phot	SaltyWater_NaCl_2.5pct	1901
0.5	500meV	QGSP_BERT_HP	conv	Pyrex	1
0.5	500meV	QGSP_BERT_HP	compt	Air	129
0.5	500meV	QGSP_BERT_HP	compt	SaltyWater_NaCl_2.5pct	25603
0.5	500meV	QGSP_BERT_HP	compt	Pyrex	70
0.5	500meV	QGSP_BERT_HP	phot	Pyrex	11
0.5	500meV	QGSP_BERT_HP	Rayl	G4_STAINLESS-STEEL	36
0.5	500meV	QGSP_BERT_HP	conv	SaltyWater_NaCl_2.5pct	141
0.5	500meV	QGSP_BERT_HP	compt	Tyvek_HDPE	14
0.5	500meV	QGSP_BERT_HP	Rayl	SaltyWater_NaCl_2.5pct	1041
0.5	500meV	QGSP_BERT_HP_NoThermal	Rayl	Pyrex	4
0.5	500meV	QGSP_BERT_HP_NoThermal	compt	G4_STAINLESS-STEEL	274
0.5	500meV	QGSP_BERT_HP_NoThermal	phot	G4_STAINLESS-STEEL	479
0.5	500meV	QGSP_BERT_HP_NoThermal	conv	G4_STAINLESS-STEEL	12
0.5	500meV	QGSP_BERT_HP_NoThermal	phot	SaltyWater_NaCl_2.5pct	1988
0.5	500meV	QGSP_BERT_HP_NoThermal	compt	Air	148
0.5	500meV	QGSP_BERT_HP_NoThermal	compt	SaltyWater_NaCl_2.5pct	27281
0.5	500meV	QGSP_BERT_HP_NoThermal	compt	Pyrex	46
0.5	500meV	QGSP_BERT_HP_NoThermal	phot	Air	9
0.5	500meV	QGSP_BERT_HP_NoThermal	phot	Pyrex	8
0.5	500meV	QGSP_BERT_HP_NoThermal	Rayl	Air	3
0.5	500meV	QGSP_BERT_HP_NoThermal	Rayl	G4_STAINLESS-STEEL	43
0.5	500meV	QGSP_BERT_HP_NoThermal	conv	SaltyWater_NaCl_2.5pct	132
0.5	500meV	QGSP_BERT_HP_NoThermal	compt	Tyvek_HDPE	14
0.5	500meV	QGSP_BERT_HP_NoThermal	Rayl	SaltyWater_NaCl_2.5pct	1090
0.05	50meV	QGSP_BERT_HP	conv	Air	1
0.05	50meV	QGSP_BERT_HP	Rayl	Pyrex	4
0.05	50meV	QGSP_BERT_HP	compt	G4_STAINLESS-STEEL	221
0.05	50meV	QGSP_BERT_HP	phot	G4_STAINLESS-STEEL	381
0.05	50meV	QGSP_BERT_HP	conv	G4_STAINLESS-STEEL	11
0.05	50meV	QGSP_BERT_HP	phot	SaltyWater_NaCl_2.5pct	1380
0.05	50meV	QGSP_BERT_HP	compt	Air	103
0.05	50meV	QGSP_BERT_HP	compt	SaltyWater_NaCl_2.5pct	19018
0.05	50meV	QGSP_BERT_HP	compt	Pyrex	40
0.05	50meV	QGSP_BERT_HP	phot	Air	7
0.05	50meV	QGSP_BERT_HP	Rayl	Air	4
0.05	50meV	QGSP_BERT_HP	phot	Pyrex	8
0.05	50meV	QGSP_BERT_HP	Rayl	G4_STAINLESS-STEEL	30
0.05	50meV	QGSP_BERT_HP	conv	SaltyWater_NaCl_2.5pct	85
0.05	50meV	QGSP_BERT_HP	compt	Tyvek_HDPE	7
0.05	50meV	QGSP_BERT_HP	Rayl	SaltyWater_NaCl_2.5pct	743
0.05	50meV	QGSP_BERT_HP_NoThermal	conv	Air	1
0.05	50meV	QGSP_BERT_HP_NoThermal	Rayl	Pyrex	8
0.05	50meV	QGSP_BERT_HP_NoThermal	compt	G4_STAINLESS-STEEL	266
0.05	50meV	QGSP_BERT_HP_NoThermal	phot	G4_STAINLESS-STEEL	446
0.05	50meV	QGSP_BERT_HP_NoThermal	conv	G4_STAINLESS-STEEL	22
0.05	50meV	QGSP_BERT_HP_NoThermal	phot	Tyvek_HDPE	1
0.05	50meV	QGSP_BERT_HP_NoThermal	phot	SaltyWater_NaCl_2.5pct	1723
0.05	50meV	QGSP_BERT_HP_NoThermal	compt	Air	111
0.05	50meV	QGSP_BERT_HP_NoThermal	compt	SaltyWater_NaCl_2.5pct	23835
0.05	50meV	QGSP_BERT_HP_NoThermal	compt	Pyrex	76
0.05	50meV	QGSP_BERT_HP_NoThermal	phot	Air	8
0.05	50meV	QGSP_BERT_HP_NoThermal	Rayl	Air	1
0.05	50meV	QGSP_BERT_HP_NoThermal	phot	Pyrex	17
0.05	50meV	QGSP_BERT_HP_NoThermal	Rayl	G4_STAINLESS-STEEL	41
0.05	50meV	QGSP_BERT_HP_NoThermal	conv	SaltyWater_NaCl_2.5pct	122
0.05	50meV	QGSP_BERT_HP_NoThermal	compt	Tyvek_HDPE	13
0.05	50meV	QGSP_BERT_HP_NoThermal	Rayl	SaltyWater_NaCl_2.5pct	948
0.005	5meV	QGSP_BERT_HP	conv	Air	1
0.005	5meV	QGSP_BERT_HP	Rayl	Tyvek_HDPE	1
0.005	5meV	QGSP_BERT_HP	Rayl	Pyrex	3
0.005	5meV	QGSP_BERT_HP	phot	G4_STAINLESS-STEEL	441
0.005	5meV	QGSP_BERT_HP	compt	G4_STAINLESS-STEEL	214
0.005	5meV	QGSP_BERT_HP	conv	Tyvek_HDPE	1
0.005	5meV	QGSP_BERT_HP	conv	G4_STAINLESS-STEEL	15
0.005	5meV	QGSP_BERT_HP	phot	SaltyWater_NaCl_2.5pct	966
0.005	5meV	QGSP_BERT_HP	conv	Pyrex	1
0.005	5meV	QGSP_BERT_HP	compt	Air	78
0.005	5meV	QGSP_BERT_HP	compt	SaltyWater_NaCl_2.5pct	13895
0.005	5meV	QGSP_BERT_HP	compt	Pyrex	42
0.005	5meV	QGSP_BERT_HP	phot	Air	3
0.005	5meV	QGSP_BERT_HP	Rayl	Air	1
0.005	5meV	QGSP_BERT_HP	phot	Pyrex	7
0.005	5meV	QGSP_BERT_HP	Rayl	G4_STAINLESS-STEEL	20
0.005	5meV	QGSP_BERT_HP	conv	SaltyWater_NaCl_2.5pct	89
0.005	5meV	QGSP_BERT_HP	compt	Tyvek_HDPE	10
0.005	5meV	QGSP_BERT_HP	Rayl	SaltyWater_NaCl_2.5pct	587
0.005	5meV	QGSP_BERT_HP_NoThermal	Rayl	Pyrex	1
0.005	5meV	QGSP_BERT_HP_NoThermal	phot	G4_STAINLESS-STEEL	463
0.005	5meV	QGSP_BERT_HP_NoThermal	compt	G4_STAINLESS-STEEL	265
0.005	5meV	QGSP_BERT_HP_NoThermal	conv	G4_STAINLESS-STEEL	20
0.005	5meV	QGSP_BERT_HP_NoThermal	phot	SaltyWater_NaCl_2.5pct	1327
0.005	5meV	QGSP_BERT_HP_NoThermal	compt	Air	93
0.005	5meV	QGSP_BERT_HP_NoThermal	compt	SaltyWater_NaCl_2.5pct	18021
0.005	5meV	QGSP_BERT_HP_NoThermal	compt	Pyrex	35
0.005	5meV	QGSP_BERT_HP_NoThermal	phot	Air	9
0.005	5meV	QGSP_BERT_HP_NoThermal	phot	Pyrex	5
0.005	5meV	QGSP_BERT_HP_NoThermal	Rayl	Air	3
0.005	5meV	QGSP_BERT_HP_NoThermal	Rayl	G4_STAINLESS-STEEL	28
0.005	5meV	QGSP_BERT_HP_NoThermal	conv	SaltyWater_NaCl_2.5pct	107
0.005	5meV	QGSP_BERT_HP_NoThermal	compt	Tyvek_HDPE	12
0.005	5meV	QGSP_BERT_HP_NoThermal	Rayl	SaltyWater_NaCl_2.5pct	694
0.7	700meV	QGSP_BERT_HP	conv	Air	3
0.7	700meV	QGSP_BERT_HP	Rayl	Pyrex	3
0.7	700meV	QGSP_BERT_HP	compt	G4_STAINLESS-STEEL	315
0.7	700meV	QGSP_BERT_HP	phot	G4_STAINLESS-STEEL	485
0.7	700meV	QGSP_BERT_HP	conv	G4_STAINLESS-STEEL	17
0.7	700meV	QGSP_BERT_HP	phot	SaltyWater_NaCl_2.5pct	1974
0.7	700meV	QGSP_BERT_HP	conv	Pyrex	1
0.7	700meV	QGSP_BERT_HP	compt	Air	147
0.7	700meV	QGSP_BERT_HP	compt	SaltyWater_NaCl_2.5pct	26997
0.7	700meV	QGSP_BERT_HP	compt	Pyrex	36
0.7	700meV	QGSP_BERT_HP	phot	Air	12
0.7	700meV	QGSP_BERT_HP	phot	Pyrex	8
0.7	700meV	QGSP_BERT_HP	Rayl	G4_STAINLESS-STEEL	42
0.7	700meV	QGSP_BERT_HP	conv	SaltyWater_NaCl_2.5pct	160
0.7	700meV	QGSP_BERT_HP	compt	Tyvek_HDPE	13
0.7	700meV	QGSP_BERT_HP	Rayl	SaltyWater_NaCl_2.5pct	1128
0.7	700meV	QGSP_BERT_HP_NoThermal	conv	Air	1
0.7	700meV	QGSP_BERT_HP_NoThermal	phot	G4_STAINLESS-STEEL	475
0.7	700meV	QGSP_BERT_HP_NoThermal	Rayl	Pyrex	7
0.7	700meV	QGSP_BERT_HP_NoThermal	compt	G4_STAINLESS-STEEL	319
0.7	700meV	QGSP_BERT_HP_NoThermal	conv	G4_STAINLESS-STEEL	18
0.7	700meV	QGSP_BERT_HP_NoThermal	phot	SaltyWater_NaCl_2.5pct	1985
0.7	700meV	QGSP_BERT_HP_NoThermal	compt	Air	125
0.7	700meV	QGSP_BERT_HP_NoThermal	compt	SaltyWater_NaCl_2.5pct	26795
0.7	700meV	QGSP_BERT_HP_NoThermal	compt	Pyrex	93
0.7	700meV	QGSP_BERT_HP_NoThermal	phot	Air	9
0.7	700meV	QGSP_BERT_HP_NoThermal	phot	Pyrex	19
0.7	700meV	QGSP_BERT_HP_NoThermal	Rayl	Air	4
0.7	700meV	QGSP_BERT_HP_NoThermal	conv	SaltyWater_NaCl_2.5pct	158
0.7	700meV	QGSP_BERT_HP_NoThermal	Rayl	G4_STAINLESS-STEEL	40
0.7	700meV	QGSP_BERT_HP_NoThermal	compt	Tyvek_HDPE	14
0.7	700meV	QGSP_BERT_HP_NoThermal	Rayl	SaltyWater_NaCl_2.5pct	1113
0.007	7meV	QGSP_BERT_HP	conv	Air	1
0.007	7meV	QGSP_BERT_HP	Rayl	Pyrex	3
0.007	7meV	QGSP_BERT_HP	phot	G4_STAINLESS-STEEL	381
0.007	7meV	QGSP_BERT_HP	compt	G4_STAINLESS-STEEL	184
0.007	7meV	QGSP_BERT_HP	conv	G4_STAINLESS-STEEL	16
0.007	7meV	QGSP_BERT_HP	phot	SaltyWater_NaCl_2.5pct	1014
0.007	7meV	QGSP_BERT_HP	compt	Air	69
0.007	7meV	QGSP_BERT_HP	compt	SaltyWater_NaCl_2.5pct	13667
0.007	7meV	QGSP_BERT_HP	compt	Pyrex	45
0.007	7meV	QGSP_BERT_HP	phot	Air	6
0.007	7meV	QGSP_BERT_HP	Rayl	Air	1
0.007	7meV	QGSP_BERT_HP	phot	Pyrex	8
0.007	7meV	QGSP_BERT_HP	Rayl	G4_STAINLESS-STEEL	21
0.007	7meV	QGSP_BERT_HP	conv	SaltyWater_NaCl_2.5pct	85
0.007	7meV	QGSP_BERT_HP	compt	Tyvek_HDPE	6
0.007	7meV	QGSP_BERT_HP	Rayl	SaltyWater_NaCl_2.5pct	532
0.007	7meV	QGSP_BERT_HP_NoThermal	compt	G4_STAINLESS-STEEL	264
0.007	7meV	QGSP_BERT_HP_NoThermal	phot	G4_STAINLESS-STEEL	447
0.007	7meV	QGSP_BERT_HP_NoThermal	conv	G4_STAINLESS-STEEL	14
0.007	7meV	QGSP_BERT_HP_NoThermal	phot	SaltyWater_NaCl_2.5pct	1368
0.007	7meV	QGSP_BERT_HP_NoThermal	compt	Air	113
0.007	7meV	QGSP_BERT_HP_NoThermal	compt	SaltyWater_NaCl_2.5pct	18467
0.007	7meV	QGSP_BERT_HP_NoThermal	compt	Pyrex	29
0.007	7meV	QGSP_BERT_HP_NoThermal	phot	Air	4
0.007	7meV	QGSP_BERT_HP_NoThermal	Rayl	Air	1
0.007	7meV	QGSP_BERT_HP_NoThermal	phot	Pyrex	12
0.007	7meV	QGSP_BERT_HP_NoThermal	conv	SaltyWater_NaCl_2.5pct	106
0.007	7meV	QGSP_BERT_HP_NoThermal	Rayl	G4_STAINLESS-STEEL	31
0.007	7meV	QGSP_BERT_HP_NoThermal	compt	Tyvek_HDPE	8
0.007	7meV	QGSP_BERT_HP_NoThermal	Rayl	SaltyWater_NaCl_2.5pct	700
0.08	80meV	QGSP_BERT_HP	Rayl	Pyrex	8
0.08	80meV	QGSP_BERT_HP	compt	G4_STAINLESS-STEEL	235
0.08	80meV	QGSP_BERT_HP	phot	G4_STAINLESS-STEEL	357
0.08	80meV	QGSP_BERT_HP	conv	G4_STAINLESS-STEEL	13
0.08	80meV	QGSP_BERT_HP	phot	SaltyWater_NaCl_2.5pct	1442
0.08	80meV	QGSP_BERT_HP	compt	Air	93
0.08	80meV	QGSP_BERT_HP	compt	SaltyWater_NaCl_2.5pct	19497
0.08	80meV	QGSP_BERT_HP	compt	Pyrex	58
0.08	80meV	QGSP_BERT_HP	phot	Air	3
0.08	80meV	QGSP_BERT_HP	phot	Pyrex	10
0.08	80meV	QGSP_BERT_HP	Rayl	G4_STAINLESS-STEEL	40
0.08	80meV	QGSP_BERT_HP	conv	SaltyWater_NaCl_2.5pct	136
0.08	80meV	QGSP_BERT_HP	compt	Tyvek_HDPE	12
0.08	80meV	QGSP_BERT_HP	Rayl	SaltyWater_NaCl_2.5pct	798
0.08	80meV	QGSP_BERT_HP_NoThermal	conv	Air	4
0.08	80meV	QGSP_BERT_HP_NoThermal	Rayl	Pyrex	1
0.08	80meV	QGSP_BERT_HP_NoThermal	compt	G4_STAINLESS-STEEL	310
0.08	80meV	QGSP_BERT_HP_NoThermal	phot	G4_STAINLESS-STEEL	452
0.08	80meV	QGSP_BERT_HP_NoThermal	conv	G4_STAINLESS-STEEL	14
0.08	80meV	QGSP_BERT_HP_NoThermal	phot	SaltyWater_NaCl_2.5pct	1928
0.08	80meV	QGSP_BERT_HP_NoThermal	compt	Air	133
0.08	80meV	QGSP_BERT_HP_NoThermal	compt	SaltyWater_NaCl_2.5pct	26022
0.08	80meV	QGSP_BERT_HP_NoThermal	compt	Pyrex	70
0.08	80meV	QGSP_BERT_HP_NoThermal	phot	Air	9
0.08	80meV	QGSP_BERT_HP_NoThermal	Rayl	Air	1
0.08	80meV	QGSP_BERT_HP_NoThermal	phot	Pyrex	8
0.08	80meV	QGSP_BERT_HP_NoThermal	Rayl	G4_STAINLESS-STEEL	46
0.08	80meV	QGSP_BERT_HP_NoThermal	conv	SaltyWater_NaCl_2.5pct	143
0.08	80meV	QGSP_BERT_HP_NoThermal	compt	Tyvek_HDPE	11
0.08	80meV	QGSP_BERT_HP_NoThermal	Rayl	SaltyWater_NaCl_2.5pct	1096
