# Eficiencia de detección (%) del CRS1000 en función de la energía del neutrón (meV), digitalizada de
# Köhli et al., Nucl. Instrum. Methods A 902 (2018) 184-189 (orientaciones superior y lateral).
# Valores tomados del notebook curva-eficiencia-reflexion-transmision-neutrones.ipynb del autor.
orientacion	energia_meV	eficiencia_pct
superior	17.8	2.95
superior	33.1	3.14
superior	56.9	3.43
superior	97.7	4.19
superior	181	5.62
superior	323	6.81
superior	575	8.1
superior	990	8.86
superior	1830	9.57
superior	3270	9.81
superior	5620	9.95
superior	10000	9.95
superior	17800	9.95
superior	32100	9.81
superior	57000	9.67
superior	102000	9.38
superior	182000	9.05
superior	324000	8.81
superior	577000	8.38
superior	972000	8
superior	1.78e+06	7.81
superior	3.17e+06	7.38
superior	5.64e+06	7
superior	1.01e+07	6.76
superior	1.79e+07	6.43
superior	3.21e+07	6.14
superior	5.73e+07	5.81
superior	9.63e+07	5.38
superior	1.76e+08	5.14
superior	3.14e+08	4.67
superior	5.4e+08	4.1
superior	1.04e+09	3.52
superior	1.85e+09	3
superior	3.3e+09	2.24
superior	5.69e+09	1.67
superior	9.77e+09	1.19
superior	1.81e+10	0.71
superior	3.23e+10	0.71
superior	5.75e+10	0.62
lateral	10	4.43
lateral	20	4.76
lateral	32	4.9
lateral	60	5.33
lateral	100	6.67
lateral	160	8.97
lateral	320	10.7
lateral	630	12.6
lateral	1000	13.6
lateral	1580	14.1
lateral	3160	14.5
lateral	5010	14.9
lateral	10000	14.8
lateral	15800	14.6
lateral	31600	14.3
lateral	50100	14.1
lateral	100000	13.5
lateral	200000	13.1
lateral	316000	12.6
lateral	631000	11.9
lateral	1e+06	11.5
lateral	1.58e+06	10.9
lateral	3.16e+06	10.4
lateral	6.31e+06	9.93
lateral	1e+07	9.4
lateral	1.58e+07	9.02
lateral	3.16e+07	8.49
lateral	6.31e+07	7.78
lateral	1e+08	7.3
lateral	1.69e+08	6.48
lateral	3.02e+08	5.77
lateral	5.62e+08	4.81
lateral	1e+09	3.66
lateral	1.77e+09	2.66
lateral	3.02e+09	1.6
lateral	5.5e+09	0.885
lateral	1e+10	0.55
lateral	1.6e+10	0.263
