energia	medio	cambia_destino	cambia_N	cap_dentro_caja	cap_dentro_cil	cap_fuera_caja	cap_fuera_cil	refle_caja	refle_cil	trans_caja	trans_cil	otros_caja	otros_cil	cadenas_caja	cadenas_cil	N_caja	N_cil	xi_hist_inicial_caja	xi_hist_inicial_cil	xi_tesis_caja	xi_tesis_cil
1meV	Agua-pura	48	2	17.138	17.138	0.28	0.28	76.569	76.544	0.045	0.07	5.968	5.968	17213	17213	44.7803	44.7804	-0.356323	-0.356288	-0.0611317	-0.0611351
1meV	Agua+2.5NaCl	39	8	20.341	20.341	0.301	0.301	73.295	73.277	0.032	0.049	6.031	6.032	20423	20423	34.1113	34.1119	-0.415683	-0.415715	-0.0789835	-0.0790066
1meV	Agua+5NaCl	49	5	23.142	23.142	0.295	0.295	70.466	70.447	0.048	0.066	6.049	6.05	23238	23238	27.1016	27.1019	-0.467071	-0.467177	-0.0972748	-0.0972875
1meV	Agua+10NaCl	32	2	27.737	27.737	0.37	0.37	66.012	66.002	0.038	0.047	5.843	5.844	27857	27857	18.6908	18.6909	-0.540572	-0.540578	-0.137233	-0.137239
2.5meV	Agua-pura	33	5	19.703	19.703	0.196	0.196	75.842	75.824	0.043	0.061	4.216	4.216	19727	19728	46.9315	46.9295	-0.24008	-0.240074	-0.0431299	-0.0431358
2.5meV	Agua+2.5NaCl	47	2	23.15	23.15	0.22	0.22	72.41	72.392	0.04	0.057	4.18	4.181	23196	23196	35.2561	35.2562	-0.278179	-0.278178	-0.0566353	-0.056634
2.5meV	Agua+5NaCl	39	3	26.353	26.353	0.223	0.223	69.147	69.129	0.037	0.055	4.24	4.24	26402	26403	27.9348	27.9337	-0.314015	-0.314015	-0.0701201	-0.0701217
2.5meV	Agua+10NaCl	21	0	31.999	31.999	0.288	0.288	63.518	63.511	0.03	0.036	4.165	4.166	32098	32098	19.2944	19.2944	-0.364084	-0.364084	-0.0977325	-0.0977325
5meV	Agua-pura	49	0	22.059	22.059	0.17	0.17	74.291	74.267	0.038	0.062	3.442	3.442	22079	22079	47.8278	47.8278	-0.161902	-0.161902	-0.0300071	-0.0300071
5meV	Agua+2.5NaCl	46	3	26.315	26.315	0.149	0.149	70.177	70.167	0.055	0.065	3.304	3.304	26338	26338	36.0256	36.0257	-0.180902	-0.180962	-0.0396204	-0.0396228
5meV	Agua+5NaCl	43	1	29.548	29.548	0.167	0.167	66.9	66.888	0.048	0.058	3.337	3.339	29585	29585	28.5984	28.5984	-0.201852	-0.201856	-0.0490247	-0.0490259
5meV	Agua+10NaCl	33	2	35.421	35.421	0.204	0.204	61.053	61.044	0.036	0.044	3.286	3.287	35473	35474	19.9766	19.9761	-0.2419	-0.241902	-0.0678764	-0.0678803
7meV	Agua-pura	41	2	23.388	23.388	0.144	0.144	73.267	73.249	0.042	0.058	3.159	3.161	23404	23404	49.0942	49.0943	-0.120534	-0.120551	-0.0234132	-0.0234147
7meV	Agua+2.5NaCl	39	2	27.675	27.675	0.198	0.198	68.997	68.979	0.032	0.048	3.098	3.1	27708	27708	36.7733	36.7733	-0.139881	-0.139894	-0.0307333	-0.0307354
7meV	Agua+5NaCl	37	3	31.166	31.166	0.189	0.189	65.651	65.637	0.04	0.054	2.954	2.954	31210	31210	29.298	29.2981	-0.152641	-0.152663	-0.0380396	-0.0380451
7meV	Agua+10NaCl	37	3	37.199	37.199	0.216	0.216	59.506	59.49	0.039	0.055	3.04	3.04	37250	37250	20.4936	20.4937	-0.181411	-0.181412	-0.052906	-0.0529056
10meV	Agua-pura	40	5	24.883	24.883	0.138	0.138	72.086	72.065	0.041	0.062	2.852	2.852	24899	24899	49.227	49.2272	-0.0841899	-0.0841914	-0.0170433	-0.0170453
10meV	Agua+2.5NaCl	36	3	29.289	29.289	0.163	0.163	67.689	67.678	0.047	0.056	2.812	2.814	29303	29304	37.3814	37.3802	-0.0938591	-0.0938592	-0.0219445	-0.0219446
10meV	Agua+5NaCl	42	3	32.831	32.831	0.16	0.16	64.113	64.097	0.041	0.057	2.855	2.855	32868	32867	30.1111	30.1121	-0.101902	-0.101894	-0.0267171	-0.0267165
10meV	Agua+10NaCl	16	7	39.278	39.278	0.178	0.178	57.766	57.758	0.022	0.03	2.756	2.756	39319	39319	20.9113	20.9115	-0.126325	-0.126335	-0.0382661	-0.0382702
25meV	Agua-pura	61	4	28.681	28.681	0.109	0.109	68.782	68.751	0.043	0.074	2.385	2.385	28683	28683	52.1541	52.1541	0.00333979	0.00337139	-0.000144842	-0.000144778
25meV	Agua+2.5NaCl	36	3	33.436	33.436	0.129	0.129	63.988	63.972	0.032	0.046	2.415	2.417	33459	33459	39.3273	39.3274	0.0043882	0.00437986	-0.00023667	-0.000237044
25meV	Agua+5NaCl	28	3	37.598	37.598	0.12	0.12	59.89	59.875	0.031	0.046	2.361	2.361	37598	37598	31.7044	31.7045	0.00825896	0.00826563	-0.000165938	-0.000164584
25meV	Agua+10NaCl	26	4	43.957	43.957	0.133	0.133	53.655	53.644	0.026	0.036	2.229	2.23	43982	43983	22.4246	22.4242	0.00450662	0.00450163	-0.000646323	-0.000646714
50meV	Agua-pura	41	2	31.211	31.211	0.109	0.109	66.328	66.31	0.033	0.051	2.319	2.319	31196	31195	53.7327	53.7344	0.0561528	0.0561523	0.0116719	0.0116713
50meV	Agua+2.5NaCl	35	4	35.999	35.999	0.099	0.099	61.712	61.694	0.033	0.05	2.157	2.158	36000	36000	40.4988	40.4989	0.0672994	0.0672595	0.0155028	0.0155042
50meV	Agua+5NaCl	19	4	40.664	40.664	0.105	0.105	57.029	57.023	0.031	0.035	2.171	2.173	40677	40678	33.3373	33.3366	0.0714236	0.071435	0.018311	0.0183114
50meV	Agua+10NaCl	27	3	47.126	47.126	0.117	0.117	50.65	50.643	0.029	0.036	2.078	2.078	47150	47150	23.5888	23.5888	0.0872534	0.0872559	0.0260046	0.0260073
80meV	Agua-pura	46	5	32.551	32.551	0.103	0.103	65.13	65.108	0.042	0.063	2.174	2.175	32545	32545	54.983	54.9831	0.0855088	0.0855303	0.0195549	0.0195561
80meV	Agua+2.5NaCl	26	3	37.588	37.588	0.067	0.067	60.25	60.239	0.034	0.044	2.061	2.062	37579	37579	41.8249	41.825	0.100916	0.100916	0.0255277	0.0255269
80meV	Agua+5NaCl	33	3	41.728	41.728	0.106	0.106	56.157	56.144	0.029	0.041	1.98	1.981	41737	41738	33.8465	33.8457	0.111396	0.111381	0.030976	0.0309753
80meV	Agua+10NaCl	34	2	48.767	48.767	0.1	0.1	49.165	49.154	0.027	0.037	1.941	1.942	48771	48771	24.2557	24.2557	0.13571	0.135692	0.0427646	0.0427644
100meV	Agua-pura	46	4	33.089	33.089	0.091	0.091	64.589	64.558	0.027	0.057	2.204	2.205	33080	33080	55.0412	55.0414	0.100812	0.100833	0.0233033	0.0233053
100meV	Agua+2.5NaCl	43	5	38.497	38.497	0.085	0.085	59.345	59.328	0.04	0.056	2.033	2.034	38492	38492	42.0573	42.0575	0.116771	0.116752	0.030237	0.0302382
100meV	Agua+5NaCl	25	1	42.309	42.309	0.103	0.103	55.534	55.522	0.027	0.039	2.027	2.027	42321	42321	34.4074	34.4074	0.129707	0.129707	0.0368195	0.0368194
100meV	Agua+10NaCl	24	3	49.505	49.505	0.075	0.075	48.445	48.437	0.027	0.035	1.948	1.948	49496	49497	24.638	24.6376	0.154263	0.154263	0.050422	0.0504224
300meV	Agua-pura	35	3	34.713	34.713	0.077	0.077	63.195	63.181	0.041	0.055	1.974	1.974	34692	34693	57.5446	57.543	0.156059	0.156059	0.0407834	0.0407839
300meV	Agua+2.5NaCl	42	2	40.357	40.357	0.083	0.083	57.675	57.65	0.037	0.061	1.848	1.849	40349	40349	44.3443	44.3443	0.178499	0.1785	0.052537	0.0525373
300meV	Agua+5NaCl	26	4	44.126	44.126	0.072	0.072	53.829	53.814	0.034	0.049	1.939	1.939	44106	44106	36.1737	36.1738	0.199545	0.199541	0.0636352	0.0636357
300meV	Agua+10NaCl	23	5	51.06	51.06	0.083	0.083	46.97	46.96	0.026	0.036	1.861	1.861	51068	51068	26.2714	26.2715	0.235437	0.235427	0.0866266	0.0866274
500meV	Agua-pura	30	2	35.313	35.313	0.084	0.084	62.595	62.583	0.039	0.05	1.969	1.97	35283	35283	59.3609	59.361	0.171931	0.171933	0.0478607	0.0478619
500meV	Agua+2.5NaCl	33	6	40.559	40.559	0.077	0.077	57.338	57.325	0.049	0.061	1.977	1.978	40542	40543	44.8648	44.8639	0.203975	0.20397	0.0628813	0.0628824
500meV	Agua+5NaCl	28	0	44.824	44.824	0.087	0.087	53.265	53.254	0.034	0.045	1.79	1.79	44836	44836	37.0248	37.0248	0.221545	0.221545	0.0754887	0.0754887
500meV	Agua+10NaCl	23	5	51.419	51.419	0.071	0.071	46.649	46.641	0.022	0.03	1.839	1.839	51422	51422	26.6405	26.6405	0.265958	0.265959	0.103407	0.103408
700meV	Agua-pura	44	4	35.385	35.385	0.078	0.078	62.43	62.413	0.052	0.069	2.055	2.055	35363	35363	59.9391	59.9393	0.185386	0.185385	0.0529541	0.0529546
700meV	Agua+2.5NaCl	36	1	40.709	40.709	0.069	0.069	57.278	57.265	0.032	0.045	1.912	1.912	40696	40696	45.9363	45.9363	0.214926	0.214926	0.0684596	0.0684599
700meV	Agua+5NaCl	36	2	44.677	44.677	0.088	0.088	53.295	53.279	0.032	0.048	1.908	1.908	44671	44671	37.5714	37.5714	0.236972	0.236972	0.0830454	0.0830457
700meV	Agua+10NaCl	19	2	51.274	51.274	0.081	0.081	46.844	46.834	0.022	0.032	1.779	1.779	51291	51291	27.2837	27.2837	0.283347	0.283384	0.112798	0.1128
1000meV	Agua-pura	44	1	35.805	35.805	0.076	0.076	62.168	62.15	0.038	0.056	1.913	1.913	35789	35789	60.4099	60.41	0.19793	0.197934	0.058336	0.0583373
1000meV	Agua+2.5NaCl	30	1	40.725	40.725	0.097	0.097	57.236	57.218	0.028	0.046	1.914	1.914	40717	40717	46.6404	46.6405	0.226495	0.226496	0.0751451	0.0751452
1000meV	Agua+5NaCl	30	2	45.033	45.033	0.072	0.072	53.127	53.113	0.037	0.051	1.731	1.731	45031	45031	38.1587	38.1588	0.253593	0.253593	0.0909157	0.0909157
1000meV	Agua+10NaCl	27	6	51.303	51.303	0.075	0.075	46.843	46.832	0.033	0.044	1.746	1.746	51312	51312	27.9985	27.9986	0.296774	0.296775	0.122295	0.122296
10000meV	Agua-pura	39	4	35.436	35.436	0.086	0.086	62.607	62.588	0.049	0.068	1.822	1.822	35427	35427	64.3338	64.334	0.253918	0.253924	0.0899412	0.0899424
10000meV	Agua+2.5NaCl	28	5	40.699	40.699	0.042	0.042	57.442	57.426	0.037	0.053	1.78	1.78	40674	40674	50.2858	50.2859	0.291495	0.291491	0.114742	0.114742
10000meV	Agua+5NaCl	36	3	44.183	44.183	0.059	0.059	54.045	54.029	0.033	0.048	1.68	1.681	44180	44180	41.7375	41.7375	0.31805	0.318052	0.13729	0.137291
10000meV	Agua+10NaCl	25	6	50.459	50.459	0.054	0.054	47.856	47.853	0.032	0.034	1.599	1.6	50463	50463	31.0898	31.0899	0.378518	0.378516	0.182342	0.182343
100000meV	Agua-pura	42	3	34.73	34.73	0.054	0.054	63.362	63.341	0.045	0.066	1.809	1.809	34707	34707	68.3199	68.32	0.287694	0.287694	0.118211	0.118212
100000meV	Agua+2.5NaCl	30	4	39.51	39.51	0.041	0.041	58.779	58.763	0.032	0.047	1.638	1.639	39487	39487	54.5549	54.555	0.327003	0.327004	0.147524	0.147526
100000meV	Agua+5NaCl	30	1	43.195	43.195	0.044	0.044	55.136	55.125	0.04	0.051	1.585	1.585	43183	43183	45.206	45.206	0.363515	0.363515	0.177451	0.177451
100000meV	Agua+10NaCl	28	3	48.697	48.697	0.042	0.042	49.686	49.675	0.022	0.032	1.553	1.554	48700	48700	34.4012	34.4013	0.418572	0.41858	0.231294	0.231298
1000000meV	Agua-pura	46	3	33.723	33.723	0.049	0.049	64.56	64.544	0.042	0.057	1.626	1.627	33683	33683	76.7836	76.7838	0.333343	0.333346	0.165062	0.165065
1000000meV	Agua+2.5NaCl	39	3	37.537	37.537	0.033	0.033	60.924	60.909	0.04	0.055	1.466	1.466	37501	37501	61.6747	61.6748	0.375032	0.37503	0.205142	0.205142
1000000meV	Agua+5NaCl	35	5	40.9	40.9	0.034	0.034	57.61	57.596	0.038	0.051	1.418	1.419	40880	40881	52.2213	52.2201	0.41308	0.413079	0.241926	0.241926
1000000meV	Agua+10NaCl	40	6	45.379	45.379	0.034	0.034	53.203	53.185	0.037	0.055	1.347	1.347	45365	45365	40.7108	40.7109	0.474747	0.474748	0.308262	0.308264
