E_meV,borde_inf_meV,borde_sup_meV,N_inc,eps_Agua pura,Ndet_Agua pura,eps_NaCl 2.5 %,Ndet_NaCl 2.5 %,eps_NaCl 5 %,Ndet_NaCl 5 %,eps_NaCl 10 %,Ndet_NaCl 10 %
10.0,8.3666,15.8114,12485,0.11829,1476.85065,0.15948,1991.1078000000002,0.18638000000000002,2326.9543000000003,0.23417000000000002,2923.61245
25.0,15.8114,44.7214,55828,0.13962,7794.70536,0.18457,10304.17396,0.21563,12038.19164,0.26474,14779.904719999999
80.0,44.7214,89.4427,42311,0.15942,6745.21962,0.20761,8784.18671,0.24103000000000002,10198.22033,0.29661000000000004,12549.865710000002
100.0,89.4427,173.2051,22026,0.16157,3558.74082,0.21349,4702.33074,0.24710000000000001,5442.6246,0.30107,6631.36782
300.0,173.2051,387.2983,15525,0.17149,2662.38225,0.22512000000000001,3494.9880000000003,0.25922,4024.3905,0.31204,4844.420999999999
500.0,387.2983,591.608,7639,0.17742999999999998,1355.3877699999998,0.22817,1742.99063,0.26628,2034.11292,0.3161,2414.6879
700.0,591.608,836.66,6233,0.17704,1103.49032,0.22756,1418.38148,0.26377,1644.07841,0.31467,1961.3381100000001
1000.0,836.66,3162.2777,24280,0.17984000000000003,4366.515200000001,0.22927,5566.6756000000005,0.26631,6466.0068,0.31753,7709.6284
10000.0,3162.2777,31622.7766,21642,0.17870999999999998,3867.6418199999994,0.23417000000000002,5067.90714,0.26396000000000003,5712.62232,0.31653,6850.342259999999
