energia_eV	etiqueta	fisica	captura_agua_pct	reflexion_tapa_pct	captura_estructura_pct	escape_lateral_pct	transmision_fondo_pct	desviado_en_aire_pct	captura_agua_err_pct	N_medio	N_err	profundidad_media_cm
0.001	1meV	QGSP_BERT_HP	12.95	72.38	8.96	0.07	0.00	5.64	0.34	70.79	3.00	2.18
0.0025	2.5meV	QGSP_BERT_HP	14.09	74.68	6.77	0.08	0.00	4.38	0.35	81.78	3.15	2.51
0.005	5meV	QGSP_BERT_HP	15.16	75.89	5.47	0.12	0.00	3.36	0.36	77.39	2.75	2.40
0.007	7meV	QGSP_BERT_HP	15.61	76.14	5.09	0.13	0.00	3.03	0.36	78.25	2.87	2.34
0.01	10meV	QGSP_BERT_HP	16.14	76.71	4.08	0.16	0.00	2.91	0.37	90.57	3.13	2.60
0.025	25meV	QGSP_BERT_HP	19.70	74.51	2.80	0.10	0.00	2.89	0.40	90.73	2.68	2.67
0.05	50meV	QGSP_BERT_HP	23.64	71.26	2.43	0.21	0.00	2.46	0.42	96.67	2.51	2.98
0.08	80meV	QGSP_BERT_HP	25.40	69.62	2.11	0.12	0.00	2.75	0.44	92.08	2.21	2.91
0.1	100meV	QGSP_BERT_HP	26.32	69.02	1.99	0.13	0.00	2.54	0.44	99.39	2.52	3.22
0.3	300meV	QGSP_BERT_HP	32.62	63.60	1.56	0.17	0.00	2.05	0.47	106.67	2.22	3.44
0.5	500meV	QGSP_BERT_HP	35.39	60.72	1.39	0.19	0.00	2.31	0.48	108.46	2.16	3.50
0.7	700meV	QGSP_BERT_HP	36.54	59.54	1.26	0.33	0.00	2.33	0.48	110.59	2.13	3.66
1.0	1eV	QGSP_BERT_HP	37.76	58.61	0.96	0.25	0.00	2.42	0.48	111.05	2.10	3.74
10.0	10eV	QGSP_BERT_HP	41.85	55.00	0.70	0.41	0.00	2.04	0.49	120.81	2.04	4.14
100.0	100eV	QGSP_BERT_HP	42.03	54.75	0.63	0.27	0.00	2.32	0.49	123.08	2.00	4.51
1000.0	1000eV	QGSP_BERT_HP	41.90	55.11	0.50	0.57	0.00	1.92	0.49	127.78	2.06	4.77
0.001	1meV	QGSP_BERT_HP_NoThermal	15.32	70.51	8.07	0.39	0.00	5.71	0.36	48.69	1.73	3.23
0.0025	2.5meV	QGSP_BERT_HP_NoThermal	18.47	71.13	5.88	0.33	0.00	4.19	0.39	48.50	1.55	3.30
0.005	5meV	QGSP_BERT_HP_NoThermal	21.07	70.46	4.94	0.31	0.00	3.22	0.41	47.67	1.35	3.41
0.007	7meV	QGSP_BERT_HP_NoThermal	22.90	68.81	4.67	0.36	0.00	3.26	0.42	48.42	1.33	3.41
0.01	10meV	QGSP_BERT_HP_NoThermal	23.08	69.92	3.84	0.47	0.00	2.69	0.42	48.08	1.29	3.43
0.025	25meV	QGSP_BERT_HP_NoThermal	28.31	65.80	2.94	0.40	0.00	2.55	0.45	51.36	1.21	3.64
0.05	50meV	QGSP_BERT_HP_NoThermal	30.48	63.81	2.54	0.41	0.00	2.76	0.46	53.08	1.16	3.79
0.08	80meV	QGSP_BERT_HP_NoThermal	32.07	62.60	2.20	0.52	0.00	2.61	0.47	55.87	1.22	4.07
0.1	100meV	QGSP_BERT_HP_NoThermal	32.16	62.93	1.95	0.48	0.00	2.48	0.47	56.33	1.23	4.11
0.3	300meV	QGSP_BERT_HP_NoThermal	33.00	62.12	1.87	0.64	0.00	2.37	0.47	56.17	1.16	4.21
0.5	500meV	QGSP_BERT_HP_NoThermal	34.02	61.30	1.53	0.71	0.00	2.44	0.47	58.89	1.16	4.30
0.7	700meV	QGSP_BERT_HP_NoThermal	34.20	61.10	1.83	0.56	0.01	2.30	0.47	59.01	1.23	4.37
1.0	1eV	QGSP_BERT_HP_NoThermal	34.49	60.99	1.51	0.68	0.00	2.33	0.48	61.44	1.21	4.35
10.0	10eV	QGSP_BERT_HP_NoThermal	34.48	61.64	1.06	0.71	0.00	2.11	0.48	65.88	1.24	4.67
100.0	100eV	QGSP_BERT_HP_NoThermal	33.73	62.75	0.86	0.66	0.00	2.00	0.47	68.84	1.20	5.02
1000.0	1000eV	QGSP_BERT_HP_NoThermal	33.54	62.45	0.80	1.09	0.00	2.12	0.47	71.88	1.20	5.32
