energy_left_MeV,energy_right_MeV,energy_center_MeV,delta_u,counts,dPhi_du_n_cm-2_s-1,visible_in_figure
1e-08,1.122018454301963e-08,1.0592537251772888e-08,0.1151292546497018,2445,4.915972260432663e-05,True
1.122018454301963e-08,1.2589254117941661e-08,1.1885022274370177e-08,0.1151292546497018,2891,5.8127099406588254e-05,True
1.2589254117941661e-08,1.4125375446227554e-08,1.333521432163324e-08,0.11512925464970399,3335,6.705426375682053e-05,True
1.4125375446227554e-08,1.5848931924611143e-08,1.4962356560944343e-08,0.115129254649702,3898,7.837406900272592e-05,True
1.5848931924611143e-08,1.7782794100389228e-08,1.6788040181225608e-08,0.1151292546497018,4253,8.551177923771009e-05,True
1.7782794100389228e-08,1.9952623149688786e-08,1.8836490894898003e-08,0.1151292546497018,4812,9.675115957955817e-05,True
1.9952623149688786e-08,2.2387211385683378e-08,2.1134890398366452e-08,0.115129254649702,5281,0.00010618097958014254,True
2.2387211385683378e-08,2.511886431509582e-08,2.371373705661655e-08,0.11512925464970378,5842,0.00011746057237401687,True
2.511886431509582e-08,2.818382931264455e-08,2.6607250597988113e-08,0.115129254649702,6262,0.00012590518729991526,True
2.818382931264455e-08,3.162277660168379e-08,2.98538261891796e-08,0.1151292546497018,6818,0.00013708424896372146,True
3.162277660168379e-08,3.548133892335753e-08,3.3496543915782756e-08,0.115129254649702,7110,0.00014295526695982076,True
3.548133892335753e-08,3.981071705534969e-08,3.7583740428844394e-08,0.1151292546497018,7372,0.00014822309817549934,True
3.981071705534969e-08,4.4668359215096346e-08,4.2169650342858225e-08,0.11512925464970399,7924,0.00015932173493524615,True
4.4668359215096346e-08,5.011872336272725e-08,4.7315125896148074e-08,0.115129254649702,7705,0.00015491847143817426,True
5.011872336272725e-08,5.6234132519034905e-08,5.308844442309885e-08,0.1151292546497018,7604,0.0001528877426107565,True
5.6234132519034905e-08,6.30957344480193e-08,5.956621435290103e-08,0.1151292546497018,7525,0.0001512993507556474,True
6.30957344480193e-08,7.079457843841373e-08,6.683439175686142e-08,0.1151292546497018,6966,0.0001400599704137993,True
7.079457843841373e-08,7.943282347242822e-08,7.498942093324557e-08,0.11512925464970399,6462,0.00012992643250272094,True
7.943282347242822e-08,8.912509381337459e-08,8.413951416451956e-08,0.1151292546497018,5962,0.00011987331949570362,True
8.912509381337459e-08,1e-07,9.440608762859235e-08,0.1151292546497018,5179,0.00010413014452671068,True
1e-07,1.122018454301963e-07,1.0592537251772887e-07,0.115129254649702,4602,9.252885211660971e-05,True
1.122018454301963e-07,1.2589254117941662e-07,1.1885022274370178e-07,0.1151292546497018,4023,8.088734725448099e-05,True
1.2589254117941662e-07,1.4125375446227555e-07,1.333521432163324e-07,0.11512925464970399,3332,6.699394507877842e-05,True
1.4125375446227555e-07,1.584893192461114e-07,1.4962356560944344e-07,0.1151292546497018,2995,6.021814691204836e-05,True
1.584893192461114e-07,1.7782794100389227e-07,1.6788040181225607e-07,0.1151292546497018,2646,5.320107403314857e-05,True
1.7782794100389227e-07,1.9952623149688787e-07,1.8836490894898e-07,0.1151292546497018,2428,4.881791676208795e-05,True
1.9952623149688787e-07,2.2387211385683377e-07,2.1134890398366454e-07,0.1151292546497018,2232,4.487709646333621e-05,True
2.2387211385683377e-07,2.5118864315095823e-07,2.3713737056616554e-07,0.11512925464970399,2314,4.652580699648657e-05,True
2.5118864315095823e-07,2.818382931264455e-07,2.6607250597988115e-07,0.1151292546497018,2100,4.222307462948299e-05,True
2.818382931264455e-07,3.162277660168379e-07,2.98538261891796e-07,0.1151292546497018,2147,4.316806725214285e-05,True
3.162277660168379e-07,3.548133892335753e-07,3.3496543915782756e-07,0.115129254649702,2103,4.228339330752504e-05,True
3.548133892335753e-07,3.981071705534969e-07,3.7583740428844396e-07,0.1151292546497018,2175,4.3731041580535956e-05,True
3.981071705534969e-07,4.466835921509635e-07,4.2169650342858225e-07,0.11512925464970399,2102,4.2263287081510275e-05,True
4.466835921509635e-07,5.011872336272725e-07,4.731512589614808e-07,0.1151292546497018,1985,3.991085863786845e-05,True
5.011872336272725e-07,5.62341325190349e-07,5.308844442309884e-07,0.1151292546497018,2084,4.190137501325836e-05,True
5.62341325190349e-07,6.30957344480193e-07,5.956621435290103e-07,0.115129254649702,2062,4.145903804094942e-05,True
6.30957344480193e-07,7.079457843841374e-07,6.683439175686142e-07,0.115129254649702,2020,4.061457654835976e-05,True
7.079457843841374e-07,7.943282347242822e-07,7.498942093324558e-07,0.11512925464970399,2128,4.278604895787529e-05,True
7.943282347242822e-07,8.912509381337459e-07,8.413951416451956e-07,0.1151292546497018,2085,4.19214812392724e-05,True
8.912509381337459e-07,1e-06,9.440608762859235e-07,0.1151292546497018,2157,4.336912951228325e-05,True
1e-06,1.1220184543019652e-06,1.0592537251772896e-06,0.11512925464970378,2035,4.0916169938569726e-05,True
1.1220184543019652e-06,1.2589254117941661e-06,1.1885022274370189e-06,0.11512925464969982,2038,4.097648861661325e-05,True
1.2589254117941661e-06,1.4125375446227554e-06,1.3335214321633239e-06,0.11512925464970399,2153,4.328870460822627e-05,True
1.4125375446227554e-06,1.584893192461114e-06,1.4962356560944344e-06,0.1151292546497018,2122,4.266541160179186e-05,True
1.584893192461114e-06,1.778279410038923e-06,1.6788040181225607e-06,0.115129254649702,2049,4.119765710276691e-05,True
1.778279410038923e-06,1.995262314968883e-06,1.8836490894898022e-06,0.11512925464970399,2076,4.1740525205145254e-05,True
1.995262314968883e-06,2.2387211385683376e-06,2.113489039836648e-06,0.11512925464969963,2184,4.391199761466314e-05,True
2.2387211385683376e-06,2.5118864315095823e-06,2.3713737056616552e-06,0.11512925464970399,2070,4.1619887849061024e-05,True
2.5118864315095823e-06,2.818382931264455e-06,2.6607250597988115e-06,0.1151292546497018,2106,4.234371198556723e-05,True
2.818382931264455e-06,3.162277660168379e-06,2.98538261891796e-06,0.1151292546497018,2128,4.27860489578761e-05,True
3.162277660168379e-06,3.5481338923357606e-06,3.3496543915782793e-06,0.11512925464970399,2058,4.137861313689255e-05,True
3.5481338923357606e-06,3.981071705534969e-06,3.7583740428844434e-06,0.11512925464969982,2179,4.381146648459287e-05,True
3.981071705534969e-06,4.466835921509635e-06,4.216965034285822e-06,0.11512925464970399,2152,4.326859838221223e-05,True
4.466835921509635e-06,5.011872336272725e-06,4.731512589614807e-06,0.115129254649702,2263,4.5500389469771356e-05,True
5.011872336272725e-06,5.623413251903491e-06,5.308844442309884e-06,0.115129254649702,2183,4.38918913886482e-05,True
5.623413251903491e-06,6.309573444801943e-06,5.956621435290109e-06,0.11512925464970399,2170,4.363051045046494e-05,True
6.309573444801943e-06,7.079457843841373e-06,6.683439175686149e-06,0.11512925464969982,2217,4.457550307312638e-05,True
7.079457843841373e-06,7.943282347242822e-06,7.498942093324559e-06,0.11512925464970399,2144,4.3107748574099916e-05,True
7.943282347242822e-06,8.91250938133746e-06,8.413951416451957e-06,0.115129254649702,2054,4.12981882328371e-05,True
8.91250938133746e-06,1e-05,9.440608762859237e-06,0.1151292546497018,2220,4.463582175116774e-05,True
