energia	medio	G_Q1	G_Q5	G_Q10	G_Q20
1meV	Agua+2.5NaCl	1.37477	3.0774	10.6122	44
1meV	Agua+5NaCl	1.63109	4.35456	16.5779	64.3478
1meV	Agua+10NaCl	2.04264	6.17915	25.3802	104.261
25meV	Agua+2.5NaCl	1.32195	2.8755	9.39535	44.3824
25meV	Agua+5NaCl	1.54441	4.11401	15.0148	73.8529
25meV	Agua+10NaCl	1.89615	5.75534	22.1015	115.265
1000meV	Agua+2.5NaCl	1.27486	2.6625	8.58986	39.5918
1000meV	Agua+5NaCl	1.48082	3.75183	13.3026	65.2653
1000meV	Agua+10NaCl	1.76562	5.20798	19.5376	95.898
1000000meV	Agua+2.5NaCl	1.24956	2.83948	9.19024	54.9429
1000000meV	Agua+5NaCl	1.42456	3.93103	14.0488	86.2571
1000000meV	Agua+10NaCl	1.66405	5.26338	19.9024	124.486
