energia	medio	E_meV	historias	capturas	eventos_senal	eps	u_eps	eta_cap	P_senal_captura	Q_media_pe	u_Q_media_pe	Q_std_pe	Q_mediana_pe	Q_max_pe	f_Q20	eps_Q1	eps_Q3	eps_Q5	eps_Q10	eps_Q20	capturas_fuera_agua	profundidad_captura_media_mm
1meV	Agua-pura	1	100000	17418	8021	0.08021	0.000858932	0.17418	0.460501	3.19549	0.031884	2.85553	2	94	0.00286747	0.08021	0.03896	0.01602	0.00263	0.00023	280	28.7142
1meV	Agua+2.5NaCl	1	100000	20642	11027	0.11027	0.000990508	0.20642	0.534202	7.67063	0.0957961	10.0595	4	110	0.0917747	0.11027	0.07206	0.0493	0.02791	0.01012	300	24.8219
1meV	Agua+5NaCl	1	100000	23437	13083	0.13083	0.00106637	0.23437	0.55822	9.00818	0.0932483	10.6658	5	132	0.113124	0.13083	0.09287	0.06976	0.0436	0.0148	295	22.4944
1meV	Agua+10NaCl	1	100000	28107	16384	0.16384	0.00117045	0.28107	0.582915	10.4944	0.0901093	11.534	7	136	0.146362	0.16384	0.12445	0.09899	0.06675	0.02398	365	18.8993
2.5meV	Agua-pura	2.5	100000	19899	9350	0.0935	0.00092064	0.19899	0.469873	3.23305	0.0283672	2.74298	2	29	0.00213904	0.0935	0.04629	0.01904	0.00332	0.0002	194	29.9716
2.5meV	Agua+2.5NaCl	2.5	100000	23370	12530	0.1253	0.0010469	0.2337	0.536157	7.61165	0.0880651	9.85779	4	108	0.0880287	0.1253	0.0818	0.05624	0.03216	0.01103	219	26.2337
2.5meV	Agua+5NaCl	2.5	100000	26576	14982	0.14982	0.0011286	0.26576	0.563742	9.23181	0.0896317	10.971	5	116	0.11961	0.14982	0.10711	0.08036	0.05067	0.01792	217	23.4796
2.5meV	Agua+10NaCl	2.5	100000	32287	19047	0.19047	0.00124174	0.32287	0.589928	10.3989	0.0843945	11.6474	7	148	0.140022	0.19047	0.14479	0.11536	0.07584	0.02667	287	19.8169
5meV	Agua-pura	5	100000	22229	10396	0.10396	0.000965154	0.22229	0.467677	3.17228	0.0267237	2.72477	2	43	0.00250096	0.10396	0.0506	0.01977	0.00337	0.00026	170	30.6003
5meV	Agua+2.5NaCl	5	100000	26464	14132	0.14132	0.00110158	0.26464	0.534008	7.62447	0.084261	10.0168	4	105	0.0876734	0.14132	0.09144	0.06323	0.03619	0.01239	148	26.9512
5meV	Agua+5NaCl	5	100000	29715	16786	0.16786	0.00118188	0.29715	0.5649	9.11885	0.0842302	10.9129	5	123	0.118551	0.16786	0.11885	0.08882	0.05563	0.0199	166	24.1305
5meV	Agua+10NaCl	5	100000	35625	21183	0.21183	0.00129212	0.35625	0.594611	10.5143	0.0797208	11.6029	7	121	0.148515	0.21183	0.16143	0.12913	0.08466	0.03146	204	20.6695
7meV	Agua-pura	7	100000	23532	11103	0.11103	0.000993491	0.23532	0.471826	3.18481	0.0259986	2.7395	2	37	0.00306224	0.11103	0.05369	0.02187	0.00362	0.00034	143	30.8942
7meV	Agua+2.5NaCl	7	100000	27873	15184	0.15184	0.00113483	0.27873	0.544757	7.63824	0.0802171	9.88463	4	111	0.0879874	0.15184	0.09958	0.06783	0.03941	0.01336	195	27.7613
7meV	Agua+5NaCl	7	100000	31355	17793	0.17793	0.00120943	0.31355	0.567469	8.98803	0.0819461	10.9308	5	140	0.113078	0.17793	0.12517	0.09294	0.05844	0.02012	186	25.1748
7meV	Agua+10NaCl	7	100000	37415	22377	0.22377	0.00131794	0.37415	0.598076	10.5066	0.0767076	11.4746	7	119	0.145909	0.22377	0.17037	0.13602	0.09043	0.03265	214	21.4143
10meV	Agua-pura	10	100000	25021	11829	0.11829	0.00102126	0.25021	0.472763	3.20137	0.0250198	2.72118	2	43	0.00202891	0.11829	0.05747	0.02418	0.004	0.00024	138	31.6971
10meV	Agua+2.5NaCl	10	100000	29452	15948	0.15948	0.00115778	0.29452	0.541491	7.68943	0.078587	9.92439	4	140	0.0928643	0.15948	0.10402	0.07063	0.04141	0.01481	160	27.7887
10meV	Agua+5NaCl	10	100000	32991	18638	0.18638	0.00123143	0.32991	0.564942	9.16745	0.0806659	11.0126	5	133	0.119165	0.18638	0.13183	0.09875	0.06251	0.02221	160	25.4903
10meV	Agua+10NaCl	10	100000	39456	23417	0.23417	0.00133916	0.39456	0.593497	10.3759	0.0757683	11.5945	7	129	0.141777	0.23417	0.17733	0.14093	0.09243	0.0332	176	22.006
25meV	Agua-pura	25	100000	28790	13962	0.13962	0.00109602	0.2879	0.48496	3.20527	0.0233602	2.76026	2	40	0.00243518	0.13962	0.06765	0.02763	0.00473	0.00034	109	33.2907
25meV	Agua+2.5NaCl	25	100000	33565	18457	0.18457	0.0012268	0.33565	0.549888	7.37016	0.0727541	9.88412	4	126	0.0817576	0.18457	0.119	0.07945	0.04444	0.01509	129	29.9431
25meV	Agua+5NaCl	25	100000	37718	21563	0.21563	0.00130051	0.37718	0.57169	9.03937	0.0737764	10.8336	5	159	0.116449	0.21563	0.15267	0.11367	0.07102	0.02511	119	27.65
25meV	Agua+10NaCl	25	100000	44090	26474	0.26474	0.00139518	0.4409	0.600454	10.4609	0.0719095	11.7003	7	134	0.148032	0.26474	0.19963	0.15902	0.10454	0.03919	129	24.2476
50meV	Agua-pura	50	100000	31320	15244	0.15244	0.00113667	0.3132	0.486718	3.205	0.021827	2.6949	2	29	0.00190239	0.15244	0.07404	0.03109	0.00532	0.00029	104	35.0739
50meV	Agua+2.5NaCl	50	100000	36098	19929	0.19929	0.00126322	0.36098	0.55208	7.42074	0.0689099	9.72801	4	128	0.0858046	0.19929	0.12871	0.08602	0.04881	0.0171	97	31.3283
50meV	Agua+5NaCl	50	100000	40769	23397	0.23397	0.00133876	0.40769	0.573892	9.00483	0.0716315	10.9568	5	112	0.116041	0.23397	0.16364	0.12062	0.07565	0.02715	104	29.2381
50meV	Agua+10NaCl	50	100000	47243	28552	0.28552	0.00142828	0.47243	0.604365	10.4192	0.0691992	11.6928	6	157	0.1464	0.28552	0.2163	0.17111	0.112	0.0418	115	26.0312
80meV	Agua-pura	80	100000	32654	15942	0.15942	0.00115761	0.32654	0.48821	3.15707	0.0211692	2.67285	2	34	0.00232091	0.15942	0.077	0.03122	0.00505	0.00037	103	36.0595
80meV	Agua+2.5NaCl	80	100000	37655	20761	0.20761	0.00128261	0.37655	0.551348	7.47397	0.0679018	9.78375	4	155	0.0870864	0.20761	0.13358	0.09067	0.05187	0.01808	67	32.289
80meV	Agua+5NaCl	80	100000	41834	24103	0.24103	0.00135253	0.41834	0.576158	9.06476	0.0716025	11.1164	5	157	0.117205	0.24103	0.16871	0.12559	0.07845	0.02825	104	30.1678
80meV	Agua+10NaCl	80	100000	48867	29661	0.29661	0.00144441	0.48867	0.606974	10.5468	0.06807	11.7233	7	144	0.147197	0.29661	0.22513	0.18042	0.11923	0.04366	100	27.3175
100meV	Agua-pura	100	100000	33180	16157	0.16157	0.00116389	0.3318	0.48695	3.19416	0.0213426	2.71286	2	27	0.0025376	0.16157	0.07849	0.03198	0.00546	0.00041	88	36.3097
100meV	Agua+2.5NaCl	100	100000	38582	21349	0.21349	0.00129581	0.38582	0.553341	7.49965	0.0674838	9.86026	4	121	0.0887629	0.21349	0.13701	0.09323	0.05298	0.01895	84	32.8636
100meV	Agua+5NaCl	100	100000	42412	24710	0.2471	0.00136397	0.42412	0.582618	9.00142	0.0695744	10.9367	5	117	0.117402	0.2471	0.17291	0.12885	0.08009	0.02901	102	30.7005
100meV	Agua+10NaCl	100	100000	49580	30107	0.30107	0.00145061	0.4958	0.607241	10.5719	0.0688321	11.9433	7	137	0.14764	0.30107	0.22706	0.18106	0.12059	0.04445	75	27.4356
300meV	Agua-pura	300	100000	34790	17149	0.17149	0.00119198	0.3479	0.492929	3.20992	0.0208615	2.7319	2	29	0.00250743	0.17149	0.08411	0.03415	0.00591	0.00043	75	37.8178
300meV	Agua+2.5NaCl	300	100000	40440	22512	0.22512	0.00132076	0.4044	0.556677	7.42853	0.0653012	9.79778	4	113	0.0839108	0.22512	0.14558	0.09838	0.05475	0.01889	81	34.7656
300meV	Agua+5NaCl	300	100000	44198	25922	0.25922	0.00138573	0.44198	0.586497	9.11288	0.0691297	11.1301	5	133	0.119397	0.25922	0.18261	0.13514	0.08443	0.03095	69	32.6437
300meV	Agua+10NaCl	300	100000	51143	31204	0.31204	0.00146517	0.51143	0.610132	10.5411	0.068133	12.0355	7	139	0.144853	0.31204	0.23594	0.18761	0.12441	0.0452	83	29.705
500meV	Agua-pura	500	100000	35397	17743	0.17743	0.00120809	0.35397	0.501257	3.21637	0.0204609	2.72544	2	29	0.00219805	0.17743	0.08657	0.03616	0.00608	0.00039	83	39.2208
500meV	Agua+2.5NaCl	500	100000	40636	22817	0.22817	0.00132706	0.40636	0.561497	7.36652	0.0635814	9.60416	4	114	0.0824385	0.22817	0.14799	0.099	0.0556	0.01881	76	35.6155
500meV	Agua+5NaCl	500	100000	44911	26628	0.26628	0.00139777	0.44911	0.592906	8.89406	0.0665566	10.8608	5	156	0.113828	0.26628	0.1862	0.13758	0.08502	0.03031	86	33.208
500meV	Agua+10NaCl	500	100000	51490	31610	0.3161	0.00147031	0.5149	0.613906	10.3692	0.0652725	11.6049	6	123	0.144828	0.3161	0.23843	0.18812	0.12396	0.04578	68	30.4673
700meV	Agua-pura	700	100000	35463	17704	0.17704	0.00120705	0.35463	0.499225	3.20911	0.0207835	2.76537	2	77	0.00265477	0.17704	0.08708	0.03539	0.00603	0.00047	78	39.4468
700meV	Agua+2.5NaCl	700	100000	40778	22756	0.22756	0.00132581	0.40778	0.558046	7.36131	0.0638448	9.63105	4	115	0.0843294	0.22756	0.1463	0.09859	0.05576	0.01919	68	35.9849
700meV	Agua+5NaCl	700	100000	44765	26377	0.26377	0.00139354	0.44765	0.589233	9.02896	0.0667316	10.8379	5	112	0.115972	0.26377	0.18661	0.13835	0.08674	0.03059	85	34.025
700meV	Agua+10NaCl	700	100000	51355	31467	0.31467	0.00146851	0.51355	0.612735	10.5054	0.0667847	11.8469	7	171	0.143579	0.31467	0.23843	0.18873	0.12609	0.04518	78	30.7327
1000meV	Agua-pura	1000	100000	35881	17984	0.17984	0.00121449	0.35881	0.501212	3.25667	0.020742	2.78159	2	38	0.00272464	0.17984	0.08894	0.03683	0.00651	0.00049	75	39.9257
1000meV	Agua+2.5NaCl	1000	100000	40822	22927	0.22927	0.00132931	0.40822	0.561633	7.40516	0.0654333	9.90769	4	150	0.0846164	0.22927	0.14595	0.09806	0.05592	0.0194	96	36.642
1000meV	Agua+5NaCl	1000	100000	45105	26631	0.26631	0.00139782	0.45105	0.590422	9.10232	0.068086	11.111	5	119	0.120086	0.26631	0.18679	0.13818	0.0866	0.03198	71	34.2316
1000meV	Agua+10NaCl	1000	100000	51378	31753	0.31753	0.00147209	0.51378	0.618027	10.5257	0.0656673	11.7015	7	128	0.147986	0.31753	0.24125	0.19181	0.12719	0.04699	75	31.6271
10000meV	Agua-pura	10000	100000	35522	17871	0.17871	0.0012115	0.35522	0.503097	3.17671	0.0195416	2.61238	2	26	0.00173465	0.17871	0.087	0.03549	0.00614	0.00031	85	42.7769
10000meV	Agua+2.5NaCl	10000	100000	40741	23417	0.23417	0.00133916	0.40741	0.574777	7.40338	0.0629858	9.63848	4	111	0.0841269	0.23417	0.15193	0.10163	0.05743	0.0197	42	39.2894
10000meV	Agua+5NaCl	10000	100000	44242	26396	0.26396	0.00139386	0.44242	0.596628	9.09554	0.0680175	11.0507	5	125	0.115586	0.26396	0.18707	0.13876	0.08675	0.03051	58	37.4613
10000meV	Agua+10NaCl	10000	100000	50513	31653	0.31653	0.00147085	0.50513	0.626631	10.5189	0.0663229	11.7997	7	182	0.147221	0.31653	0.23918	0.19078	0.12545	0.0466	52	34.9402
100000meV	Agua-pura	100000	100000	34784	17765	0.17765	0.00120868	0.34784	0.510723	3.16071	0.0200333	2.67015	2	28	0.00242049	0.17765	0.08565	0.0345	0.00564	0.00043	53	45.1086
100000meV	Agua+2.5NaCl	100000	100000	39551	22641	0.22641	0.00132344	0.39551	0.572451	7.45042	0.064973	9.77643	4	123	0.0882912	0.22641	0.14591	0.09897	0.05549	0.01999	38	42.6263
100000meV	Agua+5NaCl	100000	100000	43239	26144	0.26144	0.00138957	0.43239	0.604639	9.17813	0.0693937	11.2203	5	150	0.121978	0.26144	0.18455	0.13694	0.0855	0.03189	43	40.1161
100000meV	Agua+10NaCl	100000	100000	48739	30635	0.30635	0.00145774	0.48739	0.628552	10.5951	0.0682805	11.951	7	147	0.149241	0.30635	0.23289	0.18598	0.12167	0.04572	42	38.1159
1000000meV	Agua-pura	1e+06	100000	33772	17583	0.17583	0.0012038	0.33772	0.520638	3.15777	0.0202313	2.68269	2	26	0.00199056	0.17583	0.08445	0.03364	0.00594	0.00035	49	50.6083
1000000meV	Agua+2.5NaCl	1e+06	100000	37570	21971	0.21971	0.00130934	0.3757	0.584802	7.52519	0.0673586	9.98431	4	127	0.0875245	0.21971	0.1409	0.09552	0.05459	0.01923	33	47.7517
1000000meV	Agua+5NaCl	1e+06	100000	40934	25048	0.25048	0.00137018	0.40934	0.611912	9.22014	0.0708299	11.2099	5	142	0.120529	0.25048	0.17768	0.13224	0.08345	0.03019	34	46.3442
1000000meV	Agua+10NaCl	1e+06	100000	45413	29259	0.29259	0.00143868	0.45413	0.644287	10.6246	0.0690939	11.8187	7	150	0.148911	0.29259	0.22204	0.17706	0.11822	0.04357	34	44.5846
