campana	run	N_ch	suma_QE	N_pe	QE_media	eps_col
Prueba-agua-pura	1000eV-AguaPura-QGSP_BERT_HP-10000N	391452	60352.75	5169	0.1542	0.0856
Prueba-agua-pura	1000eV-AguaPura-QGSP_BERT_HP_NoThermal-10000N	333717	51496.05	4269	0.1543	0.0829
Prueba-agua-pura	100eV-AguaPura-QGSP_BERT_HP-10000N	387819	59924.48	5096	0.1545	0.0850
Prueba-agua-pura	100eV-AguaPura-QGSP_BERT_HP_NoThermal-10000N	330849	51037.51	4354	0.1543	0.0853
Prueba-agua-pura	100meV-AguaPura-QGSP_BERT_HP-10000N	288010	44396.59	3777	0.1541	0.0851
Prueba-agua-pura	100meV-AguaPura-QGSP_BERT_HP_NoThermal-10000N	328167	50545.81	4043	0.1540	0.0800
Prueba-agua-pura	10eV-AguaPura-QGSP_BERT_HP-10000N	384842	59404.12	4872	0.1544	0.0820
Prueba-agua-pura	10eV-AguaPura-QGSP_BERT_HP_NoThermal-10000N	335807	51835.91	4400	0.1544	0.0849
Prueba-agua-pura	10meV-AguaPura-QGSP_BERT_HP-10000N	253976	39152.10	3252	0.1542	0.0831
Prueba-agua-pura	10meV-AguaPura-QGSP_BERT_HP_NoThermal-10000N	298143	46002.73	3889	0.1543	0.0845
Prueba-agua-pura	1eV-AguaPura-QGSP_BERT_HP-10000N	343386	53015.85	4511	0.1544	0.0851
Prueba-agua-pura	1eV-AguaPura-QGSP_BERT_HP_NoThermal-10000N	350694	54078.55	4504	0.1542	0.0833
Prueba-agua-pura	1meV-AguaPura-QGSP_BERT_HP-10000N	315692	48728.15	4061	0.1544	0.0833
Prueba-agua-pura	1meV-AguaPura-QGSP_BERT_HP_NoThermal-10000N	332884	51331.10	4262	0.1542	0.0830
Prueba-agua-pura	25meV-AguaPura-QGSP_BERT_HP-10000N	224665	34617.53	2964	0.1541	0.0856
Prueba-agua-pura	2.5meV-AguaPura-QGSP_BERT_HP-10000N	295078	45515.82	3922	0.1543	0.0862
Prueba-agua-pura	25meV-AguaPura-QGSP_BERT_HP_NoThermal-10000N	322812	49773.34	4185	0.1542	0.0841
Prueba-agua-pura	2.5meV-AguaPura-QGSP_BERT_HP_NoThermal-10000N	312782	48218.71	3936	0.1542	0.0816
Prueba-agua-pura	300meV-AguaPura-QGSP_BERT_HP-10000N	317547	49002.06	4144	0.1543	0.0846
Prueba-agua-pura	300meV-AguaPura-QGSP_BERT_HP_NoThermal-10000N	346006	53406.94	4563	0.1544	0.0854
Prueba-agua-pura	500meV-AguaPura-QGSP_BERT_HP-10000N	336934	52012.84	4540	0.1544	0.0873
Prueba-agua-pura	500meV-AguaPura-QGSP_BERT_HP_NoThermal-10000N	328584	50693.49	4197	0.1543	0.0828
Prueba-agua-pura	50meV-AguaPura-QGSP_BERT_HP-10000N	268443	41422.75	3556	0.1543	0.0858
Prueba-agua-pura	50meV-AguaPura-QGSP_BERT_HP_NoThermal-10000N	348521	53706.85	4482	0.1541	0.0835
Prueba-agua-pura	5meV-AguaPura-QGSP_BERT_HP-10000N	261206	40330.97	3455	0.1544	0.0857
Prueba-agua-pura	5meV-AguaPura-QGSP_BERT_HP_NoThermal-10000N	294418	45438.53	4038	0.1543	0.0889
Prueba-agua-pura	700meV-AguaPura-QGSP_BERT_HP-10000N	343407	52986.40	4457	0.1543	0.0841
Prueba-agua-pura	700meV-AguaPura-QGSP_BERT_HP_NoThermal-10000N	349287	53860.79	4671	0.1542	0.0867
Prueba-agua-pura	7meV-AguaPura-QGSP_BERT_HP-10000N	266599	41103.37	3590	0.1542	0.0873
Prueba-agua-pura	7meV-AguaPura-QGSP_BERT_HP_NoThermal-10000N	321195	49574.90	4206	0.1543	0.0848
Prueba-agua-pura	80meV-AguaPura-QGSP_BERT_HP-10000N	264588	40809.28	3515	0.1542	0.0861
Prueba-agua-pura	80meV-AguaPura-QGSP_BERT_HP_NoThermal-10000N	339664	52402.54	4372	0.1543	0.0834
Prueba-agua-25NaCl	1000eV-Agua25NaCl-QGSP_BERT_HP-10000N	1087799	167727.36	14018	0.1542	0.0836
Prueba-agua-25NaCl	1000eV-Agua25NaCl-QGSP_BERT_HP_NoThermal-10000N	931178	143451.14	11817	0.1541	0.0824
Prueba-agua-25NaCl	100eV-Agua25NaCl-QGSP_BERT_HP-10000N	1079342	166311.70	13911	0.1541	0.0836
Prueba-agua-25NaCl	100eV-Agua25NaCl-QGSP_BERT_HP_NoThermal-10000N	881434	135789.27	11166	0.1541	0.0822
Prueba-agua-25NaCl	100meV-Agua25NaCl-QGSP_BERT_HP-10000N	739437	113910.32	9670	0.1541	0.0849
Prueba-agua-25NaCl	100meV-Agua25NaCl-QGSP_BERT_HP_NoThermal-10000N	906659	139656.86	11963	0.1540	0.0857
Prueba-agua-25NaCl	10eV-Agua25NaCl-QGSP_BERT_HP-10000N	1065782	164169.17	14006	0.1540	0.0853
Prueba-agua-25NaCl	10eV-Agua25NaCl-QGSP_BERT_HP_NoThermal-10000N	992488	152858.42	12633	0.1540	0.0826
Prueba-agua-25NaCl	10meV-Agua25NaCl-QGSP_BERT_HP-10000N	561578	86515.74	7319	0.1541	0.0846
Prueba-agua-25NaCl	10meV-Agua25NaCl-QGSP_BERT_HP_NoThermal-10000N	767732	118337.22	9763	0.1541	0.0825
Prueba-agua-25NaCl	1eV-Agua25NaCl-QGSP_BERT_HP-10000N	967008	148954.68	12631	0.1540	0.0848
Prueba-agua-25NaCl	1eV-Agua25NaCl-QGSP_BERT_HP_NoThermal-10000N	977549	150638.22	12434	0.1541	0.0825
Prueba-agua-25NaCl	1meV-Agua25NaCl-QGSP_BERT_HP-10000N	562594	86696.74	7321	0.1541	0.0844
Prueba-agua-25NaCl	1meV-Agua25NaCl-QGSP_BERT_HP_NoThermal-10000N	662578	102128.27	8646	0.1541	0.0847
Prueba-agua-25NaCl	25meV-Agua25NaCl-QGSP_BERT_HP-10000N	546050	84080.27	7267	0.1540	0.0864
Prueba-agua-25NaCl	2.5meV-Agua25NaCl-QGSP_BERT_HP-10000N	548321	84414.25	7182	0.1540	0.0851
Prueba-agua-25NaCl	25meV-Agua25NaCl-QGSP_BERT_HP_NoThermal-10000N	758109	116794.31	9783	0.1541	0.0838
Prueba-agua-25NaCl	2.5meV-Agua25NaCl-QGSP_BERT_HP_NoThermal-10000N	652800	100574.36	8549	0.1541	0.0850
Prueba-agua-25NaCl	300meV-Agua25NaCl-QGSP_BERT_HP-10000N	858218	132277.16	11159	0.1541	0.0844
Prueba-agua-25NaCl	300meV-Agua25NaCl-QGSP_BERT_HP_NoThermal-10000N	931565	143367.22	11876	0.1539	0.0828
Prueba-agua-25NaCl	500meV-Agua25NaCl-QGSP_BERT_HP-10000N	900894	138777.76	11824	0.1540	0.0852
Prueba-agua-25NaCl	500meV-Agua25NaCl-QGSP_BERT_HP_NoThermal-10000N	956778	147665.53	12664	0.1543	0.0858
Prueba-agua-25NaCl	50meV-Agua25NaCl-QGSP_BERT_HP-10000N	677658	104398.24	8745	0.1541	0.0838
Prueba-agua-25NaCl	50meV-Agua25NaCl-QGSP_BERT_HP_NoThermal-10000N	870406	134126.78	11289	0.1541	0.0842
Prueba-agua-25NaCl	5meV-Agua25NaCl-QGSP_BERT_HP-10000N	533657	82303.67	6958	0.1542	0.0845
Prueba-agua-25NaCl	5meV-Agua25NaCl-QGSP_BERT_HP_NoThermal-10000N	662581	102119.64	8761	0.1541	0.0858
Prueba-agua-25NaCl	700meV-Agua25NaCl-QGSP_BERT_HP-10000N	943403	145381.12	12183	0.1541	0.0838
Prueba-agua-25NaCl	700meV-Agua25NaCl-QGSP_BERT_HP_NoThermal-10000N	968947	149325.47	12754	0.1541	0.0854
Prueba-agua-25NaCl	7meV-Agua25NaCl-QGSP_BERT_HP-10000N	518621	79970.02	6898	0.1542	0.0863
Prueba-agua-25NaCl	7meV-Agua25NaCl-QGSP_BERT_HP_NoThermal-10000N	662975	102146.27	8644	0.1541	0.0846
Prueba-agua-25NaCl	80meV-Agua25NaCl-QGSP_BERT_HP-10000N	700853	107965.18	9195	0.1540	0.0852
Prueba-agua-25NaCl	80meV-Agua25NaCl-QGSP_BERT_HP_NoThermal-10000N	902718	139236.29	11565	0.1542	0.0831
Prueba-agua-5NaCl	1000eV-Agua5NaCl-QGSP_BERT_HP-10000N	1500969	231377.72	19985	0.1542	0.0864
Prueba-agua-5NaCl	1000eV-Agua5NaCl-QGSP_BERT_HP_NoThermal-10000N	1299955	200354.29	17094	0.1541	0.0853
Prueba-agua-5NaCl	100eV-Agua5NaCl-QGSP_BERT_HP-10000N	1468565	226154.17	19260	0.1540	0.0852
Prueba-agua-5NaCl	100eV-Agua5NaCl-QGSP_BERT_HP_NoThermal-10000N	1286943	198413.81	16726	0.1542	0.0843
Prueba-agua-5NaCl	100meV-Agua5NaCl-QGSP_BERT_HP-10000N	952642	146824.25	12336	0.1541	0.0840
Prueba-agua-5NaCl	100meV-Agua5NaCl-QGSP_BERT_HP_NoThermal-10000N	1234337	190160.99	16252	0.1541	0.0855
Prueba-agua-5NaCl	10eV-Agua5NaCl-QGSP_BERT_HP-10000N	1482858	228304.31	19134	0.1540	0.0838
Prueba-agua-5NaCl	10eV-Agua5NaCl-QGSP_BERT_HP_NoThermal-10000N	1313890	202233.94	17087	0.1539	0.0845
Prueba-agua-5NaCl	10meV-Agua5NaCl-QGSP_BERT_HP-10000N	682926	105324.78	9071	0.1542	0.0861
Prueba-agua-5NaCl	10meV-Agua5NaCl-QGSP_BERT_HP_NoThermal-10000N	1006476	155079.88	13257	0.1541	0.0855
Prueba-agua-5NaCl	1eV-Agua5NaCl-QGSP_BERT_HP-10000N	1350776	208079.59	17674	0.1540	0.0849
Prueba-agua-5NaCl	1eV-Agua5NaCl-QGSP_BERT_HP_NoThermal-10000N	1311690	202225.52	16865	0.1542	0.0834
Prueba-agua-5NaCl	1meV-Agua5NaCl-QGSP_BERT_HP-10000N	752249	115816.45	9814	0.1540	0.0847
Prueba-agua-5NaCl	1meV-Agua5NaCl-QGSP_BERT_HP_NoThermal-10000N	785663	121065.14	10321	0.1541	0.0853
Prueba-agua-5NaCl	25meV-Agua5NaCl-QGSP_BERT_HP-10000N	776087	119562.23	10052	0.1541	0.0841
Prueba-agua-5NaCl	2.5meV-Agua5NaCl-QGSP_BERT_HP-10000N	717893	110604.25	9463	0.1541	0.0856
Prueba-agua-5NaCl	25meV-Agua5NaCl-QGSP_BERT_HP_NoThermal-10000N	1117159	172054.19	14667	0.1540	0.0852
Prueba-agua-5NaCl	2.5meV-Agua5NaCl-QGSP_BERT_HP_NoThermal-10000N	897510	138250.88	11708	0.1540	0.0847
Prueba-agua-5NaCl	300meV-Agua5NaCl-QGSP_BERT_HP-10000N	1209310	186230.50	15733	0.1540	0.0845
Prueba-agua-5NaCl	300meV-Agua5NaCl-QGSP_BERT_HP_NoThermal-10000N	1268834	195523.92	16460	0.1541	0.0842
Prueba-agua-5NaCl	500meV-Agua5NaCl-QGSP_BERT_HP-10000N	1245446	191939.29	16022	0.1541	0.0835
Prueba-agua-5NaCl	500meV-Agua5NaCl-QGSP_BERT_HP_NoThermal-10000N	1295291	199659.26	16928	0.1541	0.0848
Prueba-agua-5NaCl	50meV-Agua5NaCl-QGSP_BERT_HP-10000N	874292	134620.88	11429	0.1540	0.0849
Prueba-agua-5NaCl	50meV-Agua5NaCl-QGSP_BERT_HP_NoThermal-10000N	1178778	181600.14	15331	0.1541	0.0844
Prueba-agua-5NaCl	5meV-Agua5NaCl-QGSP_BERT_HP-10000N	747045	115115.21	9763	0.1541	0.0848
Prueba-agua-5NaCl	5meV-Agua5NaCl-QGSP_BERT_HP_NoThermal-10000N	964070	148505.39	12794	0.1540	0.0862
Prueba-agua-5NaCl	700meV-Agua5NaCl-QGSP_BERT_HP-10000N	1244800	191842.03	16226	0.1541	0.0846
Prueba-agua-5NaCl	700meV-Agua5NaCl-QGSP_BERT_HP_NoThermal-10000N	1335970	205849.30	17422	0.1541	0.0846
Prueba-agua-5NaCl	7meV-Agua5NaCl-QGSP_BERT_HP-10000N	686304	105752.59	9192	0.1541	0.0869
Prueba-agua-5NaCl	7meV-Agua5NaCl-QGSP_BERT_HP_NoThermal-10000N	1031198	158822.56	13777	0.1540	0.0867
Prueba-agua-5NaCl	80meV-Agua5NaCl-QGSP_BERT_HP-10000N	978019	150791.68	12838	0.1542	0.0851
Prueba-agua-5NaCl	80meV-Agua5NaCl-QGSP_BERT_HP_NoThermal-10000N	1238835	190884.14	16112	0.1541	0.0844
Prueba-agua-10NaCl	1000eV-Agua10NaCl-QGSP_BERT_HP-10000N	1988165	306277.55	26385	0.1541	0.0861
Prueba-agua-10NaCl	1000eV-Agua10NaCl-QGSP_BERT_HP_NoThermal-10000N	1773656	273141.34	23613	0.1540	0.0864
Prueba-agua-10NaCl	100eV-Agua10NaCl-QGSP_BERT_HP-10000N	1989244	306238.53	26088	0.1539	0.0852
Prueba-agua-10NaCl	100eV-Agua10NaCl-QGSP_BERT_HP_NoThermal-10000N	1770697	272787.35	23469	0.1541	0.0860
Prueba-agua-10NaCl	100meV-Agua10NaCl-QGSP_BERT_HP-10000N	1401828	215798.70	18683	0.1539	0.0866
Prueba-agua-10NaCl	100meV-Agua10NaCl-QGSP_BERT_HP_NoThermal-10000N	1841768	283509.08	24351	0.1539	0.0859
Prueba-agua-10NaCl	10eV-Agua10NaCl-QGSP_BERT_HP-10000N	2028082	312292.67	26698	0.1540	0.0855
Prueba-agua-10NaCl	10eV-Agua10NaCl-QGSP_BERT_HP_NoThermal-10000N	1831206	281942.80	24191	0.1540	0.0858
Prueba-agua-10NaCl	10meV-Agua10NaCl-QGSP_BERT_HP-10000N	980524	151084.66	13351	0.1541	0.0884
Prueba-agua-10NaCl	10meV-Agua10NaCl-QGSP_BERT_HP_NoThermal-10000N	1449974	223345.18	19134	0.1540	0.0857
Prueba-agua-10NaCl	1eV-Agua10NaCl-QGSP_BERT_HP-10000N	1849745	284872.71	24619	0.1540	0.0864
Prueba-agua-10NaCl	1eV-Agua10NaCl-QGSP_BERT_HP_NoThermal-10000N	1877848	288964.80	24676	0.1539	0.0854
Prueba-agua-10NaCl	1meV-Agua10NaCl-QGSP_BERT_HP-10000N	984775	151750.47	13167	0.1541	0.0868
Prueba-agua-10NaCl	1meV-Agua10NaCl-QGSP_BERT_HP_NoThermal-10000N	1129690	173982.29	15470	0.1540	0.0889
Prueba-agua-10NaCl	25meV-Agua10NaCl-QGSP_BERT_HP-10000N	1100493	169517.64	14499	0.1540	0.0855
Prueba-agua-10NaCl	2.5meV-Agua10NaCl-QGSP_BERT_HP-10000N	950972	146508.22	12480	0.1541	0.0852
Prueba-agua-10NaCl	25meV-Agua10NaCl-QGSP_BERT_HP_NoThermal-10000N	1559824	240298.30	20725	0.1541	0.0862
Prueba-agua-10NaCl	2.5meV-Agua10NaCl-QGSP_BERT_HP_NoThermal-10000N	1203349	185296.02	15962	0.1540	0.0861
Prueba-agua-10NaCl	300meV-Agua10NaCl-QGSP_BERT_HP-10000N	1655313	255008.09	22138	0.1541	0.0868
Prueba-agua-10NaCl	300meV-Agua10NaCl-QGSP_BERT_HP_NoThermal-10000N	1884753	290076.35	25039	0.1539	0.0863
Prueba-agua-10NaCl	500meV-Agua10NaCl-QGSP_BERT_HP-10000N	1693291	260657.76	22559	0.1539	0.0865
Prueba-agua-10NaCl	500meV-Agua10NaCl-QGSP_BERT_HP_NoThermal-10000N	1852943	285469.69	24539	0.1541	0.0860
Prueba-agua-10NaCl	50meV-Agua10NaCl-QGSP_BERT_HP-10000N	1246271	191878.27	16452	0.1540	0.0857
Prueba-agua-10NaCl	50meV-Agua10NaCl-QGSP_BERT_HP_NoThermal-10000N	1725917	265655.57	22609	0.1539	0.0851
Prueba-agua-10NaCl	5meV-Agua10NaCl-QGSP_BERT_HP-10000N	955304	147258.62	12846	0.1541	0.0872
Prueba-agua-10NaCl	5meV-Agua10NaCl-QGSP_BERT_HP_NoThermal-10000N	1247243	192172.79	16462	0.1541	0.0857
Prueba-agua-10NaCl	700meV-Agua10NaCl-QGSP_BERT_HP-10000N	1758279	270763.24	23061	0.1540	0.0852
Prueba-agua-10NaCl	700meV-Agua10NaCl-QGSP_BERT_HP_NoThermal-10000N	1876289	289082.63	25029	0.1541	0.0866
Prueba-agua-10NaCl	7meV-Agua10NaCl-QGSP_BERT_HP-10000N	986323	151926.26	12988	0.1540	0.0855
Prueba-agua-10NaCl	7meV-Agua10NaCl-QGSP_BERT_HP_NoThermal-10000N	1325696	204094.30	17678	0.1540	0.0866
Prueba-agua-10NaCl	80meV-Agua10NaCl-QGSP_BERT_HP-10000N	1339908	206322.94	17730	0.1540	0.0859
Prueba-agua-10NaCl	80meV-Agua10NaCl-QGSP_BERT_HP_NoThermal-10000N	1724294	265547.35	22800	0.1540	0.0859
